"","series","episode","baker","technical","result","signature_bake","show_stopper","last_Name","baker_age","baker_occupation","hometown"
"1",1,1,"Annetha",2,"IN","Light Jamaican Black Cakewith Strawberries and Cream","Red, White & Blue Chocolate Cake with Cigarellos, Fresh Fruit, and Cream","Mills",30,"Midwife","Essex"
"2",1,2,"Annetha",7,"OUT","Rose Petal Shortbread","Pink Swirl Macarons / Eclairs","Mills",30,"Midwife","Essex"
"3",1,1,"David",3,"IN","Chocolate Orange Cake","Black Forest Floor Gateauxwith Moulded Chocolate Leaves, Fallen Fruitand Chocolate Mushrooms Moulded from eggs","Chambers",31,"Entrepreneur","Milton Keynes"
"4",1,2,"David",8,"IN","Cheddar Cheese and Fresh Rosemary Biscuits","Choux Pastry Swans  Chocolate Profiteroles","Chambers",31,"Entrepreneur","Milton Keynes"
"5",1,3,"David",4,"IN","Chilli Bread","Walnut and Seed Roll
Red Berry and Almond Bun","Chambers",31,"Entrepreneur","Milton Keynes"
"6",1,4,"David",5,"OUT","Pear and Walnut Pudding","Apple and Blackberry Crumble, Rhubarb and Orange Betty, Suet Pear","Chambers",31,"Entrepreneur","Milton Keynes"
"7",1,1,"Edd",1,"IN","Caramel Cinnamon and Banana Cake","N/A","Kimber",24,"Debt collector for Yorkshire Bank","Bradford"
"8",1,2,"Edd",6,"IN","Oatmeal Raisin Cookie","Pink Macarons","Kimber",24,"Debt collector for Yorkshire Bank","Bradford"
"9",1,3,"Edd",1,"IN","Olive Bread","Tomato and Mozzarella","Kimber",24,"Debt collector for Yorkshire Bank","Bradford"
"10",1,4,"Edd",3,"IN","Apple and Plum Pudding","Apple and Cinnamon Crumble, Nutella Banana Brioche Bread Pudding, Rhubarb and Strawberry Suet Layer","Kimber",24,"Debt collector for Yorkshire Bank","Bradford"
"11",1,5,"Edd",2,"IN","Chicken, Ham, Leek and Tarragon Pie","Almond Sweet Pastry with Ginger and Chocolate  Raspberry Tart / Yorkshire Curd Tart  Chickpea and Salami, Red and Yellow Pepper, Asparagus Gruyere Quiche Canapés","Kimber",24,"Debt collector for Yorkshire Bank","Bradford"
"12",1,6,"Edd",NA,"WINNER","Cinnamon and Banana Cake",NA,"Kimber",24,"Debt collector for Yorkshire Bank","Bradford"
"13",1,1,"Jasminder",NA,"IN","Fresh Mango and Passion Fruit Hummingbird Cake","N/A","Randhawa",45,"Assistant Credit Control Manager","Birmingham"
"14",1,2,"Jasminder",2,"IN","Millionaires' Shortbread","Meringues with Chocolate and Space DustCoffee flavoured Eclairs","Randhawa",45,"Assistant Credit Control Manager","Birmingham"
"15",1,3,"Jasminder",5,"IN","Focaccia","Mango and Sultana Buns
Pan au Chocolat with Mars Bars
Tutti Frutti Wheel with Jelly Tots","Randhawa",45,"Assistant Credit Control Manager","Birmingham"
"16",1,4,"Jasminder",2,"IN","Sticky Toffee Pudding with Tropical Fruit & Toffee Sauce","Bread & Butter Pudding, Treacle Suet Pudding with Fresh Fruit, Apple and Pineapple Crumble","Randhawa",45,"Assistant Credit Control Manager","Birmingham"
"17",1,5,"Jasminder",4,"OUT","Chicken and Mushroom Pie","Jaggery, Carrot, and Spiced Condensed Milk Tart  Fruit and Custard Tart  Thai Chili Red Onion, Duck in Plum Sauce, Salmon and Prawn Canapés","Randhawa",45,"Assistant Credit Control Manager","Birmingham"
"18",1,1,"Jonathan",9,"IN","Carrot Cake with Lime and Cream Cheese Icing","Three Tiered White and Dark Chocolate with Almond and Cherry","Shepherd",25,"Research Analyst","St Albans"
"19",1,2,"Jonathan",1,"IN","Honey and Candied Ginger Cookies","Meringues with Whiskey Cream","Shepherd",25,"Research Analyst","St Albans"
"20",1,3,"Jonathan",6,"OUT","Anchovy, Sweet Paprika and Oregano Bread","Sticky Lemon Honey Bun
Olive and Anchovy Roll
Sundried Tomatoes and Fresh Herbs Roll
Stilton, Walnut and Apple Roll
Cinnamon and Cardamom Chelsea Bun","Shepherd",25,"Research Analyst","St Albans"
"21",1,1,"Lea",10,"OUT","Cranberry and Pistachio Cakewith Orange Flower Water Icing","Raspberries and Cream filled Chocolatewith Chocolate-dipped Fresh Fruit","Harris",51,"Retired","Midlothian, Scotland"
"22",1,1,"Louise",NA,"IN","Carrot and Orange Cake","Never Fail Chocolate Sponge Cake,with Fresh Fruit, White & Chocolate Cigarello Border","Brimelow",44,"Police Officer","Manchester"
"23",1,2,"Louise",4,"OUT","Stained Glass Window Shortbread","Strawberry, Mint, and Cream Meringues  Chocolate Eclairs / Orange, Yellow and Pink Macarons","Brimelow",44,"Police Officer","Manchester"
"24",1,1,"Mark",NA,"OUT","Sticky Marmalade Tea Loaf","Heart-shaped Chocolate and Beetroot Cake with Store-Bought silver chocolate hearts and chocolate red and white roses.","Whithers",48,"Bus Driver","South Wales"
"25",1,1,"Miranda",8,"IN","Triple Layered Brownie Meringue Cake
with Raspberry Cream","Three Tiered Chocolate Fudge Cake  with Handmade Chocolate Button Decorations","Browne",37,"Food buyer for Marks & Spencer","Midhurst, West Sussex"
"26",1,2,"Miranda",3,"IN","Fresh Vanilla Biscuits with Royal Icing","Pistachio Macarons","Browne",37,"Food buyer for Marks & Spencer","Midhurst, West Sussex"
"27",1,3,"Miranda",3,"IN","Walnut and Apricot Bread","Lemon Iced Buns
Chocolate and Orange Buns","Browne",37,"Food buyer for Marks & Spencer","Midhurst, West Sussex"
"28",1,4,"Miranda",1,"IN","Sticky Toffee Pudding","Queen of Puddings, Chocolate Pear Roly Poly, Strawberry and Rhubarb Crumble","Browne",37,"Food buyer for Marks & Spencer","Midhurst, West Sussex"
"29",1,5,"Miranda",1,"IN","Summery Salmon, Cod and Prawn Fish Pie","Chocolate Pastry filled with Orange Cheesecake  Chocolate Pastry filled with Milk Chocolate Ganche  Strawberry Tart with Red Currant Glaze  Cheesy Crab, Broad Bean and Tomato, Pancetta Risotto Canapés","Browne",37,"Food buyer for Marks & Spencer","Midhurst, West Sussex"
"30",1,6,"Miranda",NA,"Runner-up","Lemon Cupcake","Eliminated after signature","Browne",37,"Food buyer for Marks & Spencer","Midhurst, West Sussex"
"31",1,1,"Ruth",NA,"IN","Three Tiered Lemon Drizzle Cakewith Fresh Cream and freshly made Lemon Curd","Classic Chocolate Sponge wrapped in a Chocolate Collartopped with Handmade White and Dark Chocolate Truffles","Clemens",31,"Retail manager/Housewife","Poynton, Cheshire"
"32",1,2,"Ruth",5,"IN","Peanut Shortbread withSalted Peanut Caramel","Almond Macaron with Violet ButtercreamRaspberries and Cream Eclairs","Clemens",31,"Retail manager/Housewife","Poynton, Cheshire"
"33",1,3,"Ruth",2,"IN","Maple and Pecan Bread","Chocolate and Orange Panettone
Cranberry Bagels","Clemens",31,"Retail manager/Housewife","Poynton, Cheshire"
"34",1,4,"Ruth",4,"IN","Peach and Blueberry Boy Bait","Apple & Ginger Crumble, Rhubarb Suet Crust, Cherry Queen of Puddings","Clemens",31,"Retail manager/Housewife","Poynton, Cheshire"
"35",1,5,"Ruth",3,"IN","Minced Beef Pie","Raspberry and Dark Chocolate Tart  Creme Patisserie and Cherry Tart  Citrus Curd Tart with Creme Brulee top  Tomato, Asparagus Twirl Canapés","Clemens",31,"Retail manager/Housewife","Poynton, Cheshire"
"36",1,6,"Ruth",NA,"Runner-up","Mint, Ginger and Blackberry Cake",NA,"Clemens",31,"Retail manager/Housewife","Poynton, Cheshire"
"37",2,1,"Ben",2,"IN","Rhubarb and Custard CupcakesAfter Dinner Cupcakes","Vanilla Sponge with White Chocolate and Raspberry Buttercream","Frazer",31,"Graphic Designer","Northampton"
"38",2,2,"Ben",1,"IN","Chorizo, Pepper and Gruyere Quiche","Lemon Meringue Tarts","Frazer",31,"Graphic Designer","Northampton"
"39",2,3,"Ben",3,"IN","Walnut, Raisin and Rosemary Loaf","UNKNOWN","Frazer",31,"Graphic Designer","Northampton"
"40",2,4,"Ben",5,"OUT","Stem Ginger Nuts","Chocolate and Almond MacaronsPine Nut MacaronsPistachio Macarons","Frazer",31,"Graphic Designer","Northampton"
"41",2,1,"Holly",1,"STAR BAKER","Cherry Bakewell Inspired CupcakesGinger Cupcakes with Fig Truffle","UNKNOWN","Bell",31,"Advertising executive","Leicester"
"42",2,2,"Holly",4,"IN","Pesto Quiche","Milk Chocolate and Pistachio TartsTrifle Tarts","Bell",31,"Advertising executive","Leicester"
"43",2,3,"Holly",6,"IN","Picnic Loaf","Stilton and Walnut Rolls","Bell",31,"Advertising executive","Leicester"
"44",2,4,"Holly",3,"STAR BAKER","Strawberry and Custard Melts","'Chocolate bars of my youth'
(Caramel Macarons, Mint Chocolate Macarons and Chocolate Orange Macarons)","Bell",31,"Advertising executive","Leicester"
"45",2,5,"Holly",4,"IN","Stilton, Potato and Caramelised Onion Pie","Lime Meringue Pie","Bell",31,"Advertising executive","Leicester"
"46",2,6,"Holly",3,"IN","Father Christmas' Baked Cheesecake","Hansel and Gretel's Croquembouche","Bell",31,"Advertising executive","Leicester"
"47",2,7,"Holly",1,"IN","White Chocolate, Hazelnut and Raspberry Genoise Mousse Cake","Apricot, Macadamia and White Chocolate PinwheelsAlmond CroissantsApple, Raisin and Cinnamon Plaits","Bell",31,"Advertising executive","Leicester"
"48",2,8,"Holly",2,"Runner-up","Banoffee Inspired Mille Feuille","Strawberry and Cream Meringue NestGooseberry and Elderflower 'Bakewell' TartsNeapolitan Ice-Cream Sandwich","Bell",31,"Advertising executive","Leicester"
"49",2,1,"Ian",10,"IN","Apple and Cinnamon Cupcakes","UNKNOWN","Vallance",40,"Fundraiser for English Heritage","Dunstable, Bedfordshire"
"50",2,2,"Ian",2,"IN","Stilton, Spinach and New Potato Quichewith Paprika and Walnut Pastry","UNKNOWN","Vallance",40,"Fundraiser for English Heritage","Dunstable, Bedfordshire"
"51",2,3,"Ian",10,"OUT","Courgette, Caerphilly Cheese and Thyme Loaf","Walnut and Raisin RollsCracked Wheat Logs","Vallance",40,"Fundraiser for English Heritage","Dunstable, Bedfordshire"
"52",2,1,"Janet",8,"IN","Raspberry and Cream Cupcakes","Chocolate Marble Cakewith Dark and White Chocolate Truffles","Basu",63,"Teacher of Modern Languages","Formby, Liverpool"
"53",2,2,"Janet",8,"IN","Quiche Printanière","Red Fruit TartsChocolate and Cherry Tarts","Basu",63,"Teacher of Modern Languages","Formby, Liverpool"
"54",2,3,"Janet",8,"IN","Zupfe Loaf with Gruyère Cheese","Apple and Walnut Granary Rolls Red Onion Cottage Rolls","Basu",63,"Teacher of Modern Languages","Formby, Liverpool"
"55",2,4,"Janet",4,"IN","Christmas Marzipan Biscuits","Raspberry Macarons
Blackcurrant Macarons
Almond Macarons","Basu",63,"Teacher of Modern Languages","Formby, Liverpool"
"56",2,5,"Janet",1,"STAR BAKER","Chicken and Chestnut Pie","Rhubarb Meringue Pie","Basu",63,"Teacher of Modern Languages","Formby, Liverpool"
"57",2,6,"Janet",5,"IN","Rhubarb and Ginger Baked Cheesecake","Orange and Nougatine Croquembouche","Basu",63,"Teacher of Modern Languages","Formby, Liverpool"
"58",2,7,"Janet",4,"OUT","Chocolate Amaretto Mousse Cake","Pain Aux RaisinPlain CroissantPain Au Chocolat","Basu",63,"Teacher of Modern Languages","Formby, Liverpool"
"59",2,1,"Jason",6,"IN","Lemon Meringue CupcakesApple and Cinnamon Cupcakes","UNKNOWN","White",19,"Civil Engineering Student","Croydon"
"60",2,2,"Jason",3,"STAR BAKER","Salmon and Pak Choi Quiche","Mint Chocolate Tarts Blueberry Bakewell Tarts","White",19,"Civil Engineering Student","Croydon"
"61",2,3,"Jason",7,"IN","Cheese and Onion Tear and Share Loaf","UNKNOWN","White",19,"Civil Engineering Student","Croydon"
"62",2,4,"Jason",1,"STAR BAKER","Lebkuchen","Mocktail Macarons
(Mojito, Cranberry Cooler, and Pina Colada)","White",19,"Civil Engineering Student","Croydon"
"63",2,5,"Jason",7,"OUT","Brown Down Chicken Pie","Plum Meringue Pie","White",19,"Civil Engineering Student","Croydon"
"64",2,1,"Jo",11,"IN","Chocolate Orange CupcakesOrange and Cardamom Cupcakes","Chocolate and Strawberry Cake","Wheatley",41,"Housewife","Ongar, Essex"
"65",2,2,"Jo",10,"IN","Caramelised Onion, Gruyere and Thyme Quiche","Raspberry and Mascarpone Tarts with Lemon and Almond PastryHoney and Almond Tarts with Sweetcrust","Wheatley",41,"Housewife","Ongar, Essex"
"66",2,3,"Jo",1,"IN","Stromboli flavored with Mozzarella, Ham, and Picante Pepper","Unknown","Wheatley",41,"Housewife","Ongar, Essex"
"67",2,4,"Jo",8,"IN","Lavender Biscuits","Blueberry MacaronsCoconut MacaronsStrawberry Macarons","Wheatley",41,"Housewife","Ongar, Essex"
"68",2,5,"Jo",6,"IN","Salmon and Asparagus Pie","Apple and Raspberry Meringue Pie","Wheatley",41,"Housewife","Ongar, Essex"
"69",2,6,"Jo",1,"STAR BAKER","Rum and Raisin Baked Cheesecake","Limoncello and White Chocolate Croquembouche","Wheatley",41,"Housewife","Ongar, Essex"
"70",2,7,"Jo",3,"IN","Raspberry & Strawberry Mousse Cake","Pain Aux RaisinChocolate TwistsBanana and Raisin Pastries","Wheatley",41,"Housewife","Ongar, Essex"
"71",2,8,"Jo",1,"WINNER","Raspberry and Blueberry Mille Feuille","Mini Victoria SandwichesRaspberry, White Chocolate and Pistachio Mini MeringuesMini Banoffee Pie with Banana Mousse","Wheatley",41,"Housewife","Ongar, Essex"
"72",2,1,"Keith",12,"OUT","Earl Grey Cupcakes","Chocolate and Sour Cream Cake","Batsford",31,"House husband","Arlesey, Bedfordshire"
"73",2,NA,"Mary",NA,NA,NA,NA,"Anne",45,"Housewife","Kidderminster, Worcestershire"
"74",2,1,"Robert",3,"IN","Blackberry and Vanilla Cupcakeswith Liquorice Frosting","Genoise Layered Mousse Cakewith Chocolate Ganache","Billington",25,"Photographer","London"
"75",2,2,"Robert",5,"IN","Smoked Bacon and Kale Quiche","Chocolate, Fennel and Ginger TartAlmond, Creme Patissiere and Poached Pear Tart","Billington",25,"Photographer","London"
"76",2,3,"Robert",4,"IN","Rye and Coriander Seed Loaf","Blueberry Brioche RollsLemon and Poppy Seed Rolls","Billington",25,"Photographer","London"
"77",2,4,"Robert",7,"IN","Chocolate and Ginger Oat Biscuits","Strawberry and Lime MacaronsLemon MacaronsChocolate and Cardamom Macarons","Billington",25,"Photographer","London"
"78",2,5,"Robert",3,"OUT","Chicken and Mushroom Pie","Rhubarb and Custard Meringue Pie","Billington",25,"Photographer","London"
"79",2,1,"Simon",9,"IN","Guinness and Chocolate Cupcakes","Two-Tiered Chocolate Courgette Cake","Blackwell",31,"Rugby Coach","Norfolk"
"80",2,2,"Simon",11,"OUT","Smoked Haddock and Watercress Quiche","Passion Fruit and Ricotta TartsSalted Chocolate, Stem Ginger and Mascarpone Cream Tarts","Blackwell",31,"Rugby Coach","Norfolk"
"81",2,1,"Urvashi",7,"IN","Cherry Blossom CupcakesJapanese Lime Cupcakes","UNKNOWN","Roe",40,"Head of Marketing","Enfield, London"
"82",2,2,"Urvashi",7,"IN","Crab, Coriander and Coconut Quiche","Strawberry and Basil TartsElderflower and Honeycomb Tarts","Roe",40,"Head of Marketing","Enfield, London"
"83",2,3,"Urvashi",9,"OUT","Salt and Peppercorn Loaf","Chilli and Halloumi RollsLemon and Coriander Mini Loaves","Roe",40,"Head of Marketing","Enfield, London"
"84",2,1,"Yasmin",5,"IN","Cardamom and Pomegranate Cupcakes","UNKNOWN","Limbert",43,"Childminder","West Kirby, The Wirral"
"85",2,2,"Yasmin",6,"IN","Smoked Haddock and Watercress Quiche","Chocolate and Orange with Cinnamon-Orange Pastry TartsBlueberry and Hazelnut with Hazelnut Pastry Tarts","Limbert",43,"Childminder","West Kirby, The Wirral"
"86",2,3,"Yasmin",2,"STAR BAKER","Egyptian Dukkah Loaf with Mixed Spices","Pesto Bread
Sweet Coconut Rolls","Limbert",43,"Childminder","West Kirby, The Wirral"
"87",2,4,"Yasmin",6,"IN","Chocolate Chip and Pistachio Biscotti","Chocolate and Lime MacaronsCoffee and Walnut MacaronsPineapple and Coconut Macarons","Limbert",43,"Childminder","West Kirby, The Wirral"
"88",2,5,"Yasmin",5,"IN","Family Fish Pie","Peach and Raspberry Meringue Pie","Limbert",43,"Childminder","West Kirby, The Wirral"
"89",2,6,"Yasmin",2,"OUT","Baked Amaretto Cheesecake","Rose Croquembouche","Limbert",43,"Childminder","West Kirby, The Wirral"
"90",3,1,"Brendan",10,"IN","Plum, Sour Cherry & Walnut","UNKNOWN","Lynch",63,"Recruitment consultant","Sutton Coldfield"
"91",3,2,"Brendan",4,"IN","Middle Eastern Taboon BreadIndian Rotis","Chocolate and Vanilla Bagels
Cumin and Gruyere Bagels","Lynch",63,"Recruitment consultant","Sutton Coldfield"
"92",3,3,"Brendan",9,"IN","Apple and Ginger Tarte Tatin","Blackberry, Nectarine and Dragon Fruit Tart","Lynch",63,"Recruitment consultant","Sutton Coldfield"
"93",3,4,"Brendan",1,"STAR BAKER","Clementine and Chestnut Torte","Pear, Chocolate and Hazelnut Dacquoise","Lynch",63,"Recruitment consultant","Sutton Coldfield"
"94",3,5,"Brendan",3,"IN","Salmon Coulibiac in a Scandinavian Pastry","All American Chiffon Pie","Lynch",63,"Recruitment consultant","Sutton Coldfield"
"95",3,6,"Brendan",1,"STAR BAKER","Rhubarb, Strawberry and Ginger Puddings
Sticky Toffee Puddings","Spinach, Cheese and Walnut Strudel","Lynch",63,"Recruitment consultant","Sutton Coldfield"
"96",3,7,"Brendan",4,"IN","Chelsea Bunskis","Black Forest Christmas Stollen","Lynch",63,"Recruitment consultant","Sutton Coldfield"
"97",3,8,"Brendan",2,"IN","Multi-Seed Savoury Crackers","Fantasy Gingerbread Bird House","Lynch",63,"Recruitment consultant","Sutton Coldfield"
"98",3,9,"Brendan",3,"IN","Coffee Meringue and Hazelnut CreamsApricot and Pistachio FriandsLime Curd Choux Pastry Cygnets","Gateau St. Honoré","Lynch",63,"Recruitment consultant","Sutton Coldfield"
"99",3,10,"Brendan",2,"Runner-up","Potato and Pepper Pithivier","Family Reunion Chiffon Cake","Lynch",63,"Recruitment consultant","Sutton Coldfield"
"100",3,1,"Cathryn",5,"IN","Apple, Hazelnut and Calvados","Hidden Cupcake Cake","Dresser",27,"Shop assistant","Pease Pottage, West Sussex"
"101",3,2,"Cathryn",8,"IN","Spiced Mango NaanLime, Coriander and Chilli Tortillas","Cranberry and Orange Bagels
Chipotle, Chili, and Smoked Cheddar Bagels","Dresser",27,"Shop assistant","Pease Pottage, West Sussex"
"102",3,3,"Cathryn",3,"IN","Plum, Cherry and Five Spice Tarte Tatin","Raspberry, Pistachio and Lemon Tart","Dresser",27,"Shop assistant","Pease Pottage, West Sussex"
"103",3,4,"Cathryn",3,"IN","White Chocolate, Macadamia and Coffee Torte","Gooseberry, Almond and Honey Meringue","Dresser",27,"Shop assistant","Pease Pottage, West Sussex"
"104",3,5,"Cathryn",1,"IN","Full English Wellington","Chocolate and Peanut Butter Pumpkin Pie","Dresser",27,"Shop assistant","Pease Pottage, West Sussex"
"105",3,6,"Cathryn",3,"IN","Chocolate Walnut Whip Puddings
Elderflower Sponges","Roasted Vegetable Couscous and Sheep Cheese Strudel","Dresser",27,"Shop assistant","Pease Pottage, West Sussex"
"106",3,7,"Cathryn",5,"IN","Lady Arundel's Manchet Buns","Bonfire Night Tear 'n' Share Brioche","Dresser",27,"Shop assistant","Pease Pottage, West Sussex"
"107",3,8,"Cathryn",5,"OUT","Cheese and Pickle Crackers","Gingerbread Buckingham Palace","Dresser",27,"Shop assistant","Pease Pottage, West Sussex"
"108",3,1,"Danny",7,"IN","Plum, Ginger & Orange","UNKNOWN","Bryden",45,"Intensive care consultant","Sheffield"
"109",3,2,"Danny",3,"IN","Lime Coriander and Coconut TortillasZaatar Naan with Dukkah","UNKNOWN","Bryden",45,"Intensive care consultant","Sheffield"
"110",3,3,"Danny",2,"IN","Savoury Pear and Roquefort Tarte Tatin","Pineapple, Coconut and Frangipane Tart","Bryden",45,"Intensive care consultant","Sheffield"
"111",3,4,"Danny",2,"IN","Blackberry, White Chocolate, Lemon and Elderflower Torte","'Monte Bianco' Chestnut, Chocolate and Coffee Dacquoise","Bryden",45,"Intensive care consultant","Sheffield"
"112",3,5,"Danny",7,"IN","Chickpea, Spinach & Mushroom Wellington","Trick or Treat Pumpkin Pie","Bryden",45,"Intensive care consultant","Sheffield"
"113",3,6,"Danny",2,"IN","Banoffee Puddings with Walnut Butterscotch SauceJubilee Chocolate Fondants","Leek, Potato, Pistachio and Gruyère Strudel","Bryden",45,"Intensive care consultant","Sheffield"
"114",3,7,"Danny",2,"STAR BAKER","Bakewell Chelsea Buns","European Christmas Wreath","Bryden",45,"Intensive care consultant","Sheffield"
"115",3,8,"Danny",4,"IN","Spiced Almond Drinks Crackers","Gingerbread Big Ben","Bryden",45,"Intensive care consultant","Sheffield"
"116",3,9,"Danny",4,"OUT","Blackberry and Peppermint MacaroonsMiniature Raspberry and Basil FinanciersOrange and White Chocolate Langues de Chat","Rosewater and Lychee St. Honoré","Bryden",45,"Intensive care consultant","Sheffield"
"117",3,1,"James",2,"IN","Parsnip, Pear, and Pecan","""Simmer Dim"" Sunset Cake","Morton",21,"Medical student","Hillswick, Shetland Islands"
"118",3,2,"James",2,"IN","Tomato, Garlic, and Parmesan FlatbreadsTattie Scones","Orange, Mint and Chocolate Bagels
'Millers' Sourdough Bagels","Morton",21,"Medical student","Hillswick, Shetland Islands"
"119",3,3,"James",1,"STAR BAKER","Apple and Lavender Tarte Tatin","Rose, Lychee and Raspberry Fruit Tart","Morton",21,"Medical student","Hillswick, Shetland Islands"
"120",3,4,"James",5,"IN","Hazelnut, Chocolate and Passionfruit Torte","Fig, Chestnut, Cherry and Chocolate Layered Meringue","Morton",21,"Medical student","Hillswick, Shetland Islands"
"121",3,5,"James",6,"IN","Four Pig Wellington","Sweet Potato Pie","Morton",21,"Medical student","Hillswick, Shetland Islands"
"122",3,6,"James",7,"IN","Banana and Clove PuddingsClootie Dumplings","Strawberry, Rhubarb and Ginger Strudel","Morton",21,"Medical student","Hillswick, Shetland Islands"
"123",3,7,"James",1,"IN","Easter Chelsea Buns","Whisky Kugelhopf-Brioche Baba","Morton",21,"Medical student","Hillswick, Shetland Islands"
"124",3,8,"James",1,"STAR BAKER","Smoky Cayenne, Cumin and Chilli Crackers","Gingerbread Barn","Morton",21,"Medical student","Hillswick, Shetland Islands"
"125",3,9,"James",1,"STAR BAKER","Lemon and Rhubarb TartletsChocolate Indulgence Petits FoursChilli, Lime and Raspberry Macaroons","Coffee, Caramel and Hazelnut Paris-Brest","Morton",21,"Medical student","Hillswick, Shetland Islands"
"126",3,10,"James",1,"Runner-up","Spanish Pithivier with Chorizo and Red Pepper","United Chiffon Cakes","Morton",21,"Medical student","Hillswick, Shetland Islands"
"127",3,1,"John",11,"IN","Toffee Apple, Orange & Cranberry","Hidden Pink Hearts Cake","Whaite",22,"Law student","Wigan"
"128",3,2,"John",1,"STAR BAKER","Coriander and Chilli RotisGarlic, Pomegranate and Potato Pitas","Fig, Walnut and Gruyere Bagels
Blueberry and White Chocolate Bagels","Whaite",22,"Law student","Wigan"
"129",3,3,"John",6,"IN","Apple and Vanilla Tarte Tatin with Walnut Praline","Berries, Grapes, Pomegranate, and Dragon Fruit Tart","Whaite",22,"Law student","Wigan"
"130",3,4,"John",6,"IN","'Torte Noir' Black Forest Torte with Boozy Cream","Elderflower and Bramble Berry Pavlova","Whaite",22,"Law student","Wigan"
"131",3,5,"John",2,"IN","Venison and Haggis Wellington","Star-Spangled Pecan Pie","Whaite",22,"Law student","Wigan"
"132",3,6,"John",5,"IN","Spicy Toffee PuddingsRaspberry and White Chocolate Puddings","Did not complete due to injury","Whaite",22,"Law student","Wigan"
"133",3,7,"John",3,"IN","Cherry and Almond Saffron Buns","Marzipan Stollen","Whaite",22,"Law student","Wigan"
"134",3,8,"John",3,"IN","Asian Spice Crackers","Gingerbread Roman Coliseum","Whaite",22,"Law student","Wigan"
"135",3,9,"John",2,"IN","Lemon MadeleinesWhite Chocolate and Raspberry TartletsDark Chocolate and Cherry Macaroons","Gateau St. Honoré a la Passion","Whaite",22,"Law student","Wigan"
"136",3,10,"John",2,"WINNER","Italian Sausage and Roasted Vegetable Pithivier","Heaven and Hell Chiffon Cake","Whaite",22,"Law student","Wigan"
"137",3,1,"Manisha",6,"IN","Vanilla, Peach and Raspberry","White Chocolate Cake with a Red Velvet and White Chocolate Mousse Heart","Parmar",27,"Nursery nurse","Leicester"
"138",3,2,"Manisha",6,"IN","Indian FlatbreadsItalian Flatbreads","UNKNOWN","Parmar",27,"Nursery nurse","Leicester"
"139",3,3,"Manisha",10,"IN","Cinnamon, Apple and Pear Tarte Tatin","Rum and Tropical Fruit Tart","Parmar",27,"Nursery nurse","Leicester"
"140",3,4,"Manisha",9,"IN","Almond, Chocolate and Cherry Torte","Tiramisu Layered Meringue Dessert","Parmar",27,"Nursery nurse","Leicester"
"141",3,5,"Manisha",5,"OUT","Lamb Wellington with Rosemary and Mint","Banana Scotch Pie","Parmar",27,"Nursery nurse","Leicester"
"142",3,1,"Natasha",12,"OUT","Pineapple & Passion Fruit","Mother's Day Layered Rose Cake","Stringer",36,"Midwife","Tamworth, Staffordshire"
"143",3,1,"Peter",3,"IN","Pear, Muscat & Chocolate","Jubilee Cake","Maloney",43,"Sales manager","Windsor, Berkshire"
"144",3,2,"Peter",11,"OUT","Fennel and Nigella Seed NaanBannock Bread","Rosemary and Sea Salt Bagels
Apple and Cinnamon Bagels","Maloney",43,"Sales manager","Windsor, Berkshire"
"145",3,1,"Ryan",8,"IN","Kumquat and Orange Polenta","Hidden Flowerbed Mousse Cake","Chong",38,"Photographer","Bristol"
"146",3,2,"Ryan",5,"IN","Shanghai Spring Onion FlatbreadsGarlic and Coriander Naan","Cinnamon and Date Bagels
Tarragon and Rosemary Bagels","Chong",38,"Photographer","Bristol"
"147",3,3,"Ryan",5,"IN","Spiced Pear Tarte Tatin","UNKNOWN","Chong",38,"Photographer","Bristol"
"148",3,4,"Ryan",7,"IN","Green Tea Opera Torte","Strawberry, Rose and Pistachio Meringue","Chong",38,"Photographer","Bristol"
"149",3,5,"Ryan",8,"STAR BAKER","Curry Spiced Seabass Wellington","Key Lime Pie","Chong",38,"Photographer","Bristol"
"150",3,6,"Ryan",6,"IN","Chocolate FondantsSticky Ginger and Date Puddings","Apple, Sour Cherry, Raisin and Mixed Nuts Strudel","Chong",38,"Photographer","Bristol"
"151",3,7,"Ryan",6,"OUT","Lardy Cakes","Char Siu Bao","Chong",38,"Photographer","Bristol"
"152",3,NA,"Sarah",NA,NA,NA,NA,"Jane",28,"Vicar's wife","Bewbush, West Sussex"
"153",3,1,"Stuart",9,"IN","Tomato and Ginger","Lemon and Pistachio Union Flag Cake","Marston",26,"PE teacher","Lichfield, Staffordshire"
"154",3,2,"Stuart",9,"IN","Bombay BreadChorizo and Spring Onion Naan","Cinnamon and Cranberry Bagels
Tomato and Thyme Bagels","Marston",26,"PE teacher","Lichfield, Staffordshire"
"155",3,3,"Stuart",7,"IN","Pear and Almond Tarte Tatin","Raspberry Triple Chocolate Layered Tart","Marston",26,"PE teacher","Lichfield, Staffordshire"
"156",3,4,"Stuart",8,"OUT","Black Forest Torte","Choca Blocka Mocha Meringue","Marston",26,"PE teacher","Lichfield, Staffordshire"
"157",3,1,"Victoria",4,"STAR BAKER","Pear and Pecan","Blackbird Pie Cake","Chester",50,"CEO of the charity Plantlife","Somerset"
"158",3,2,"Victoria",7,"IN","Coriander and Lemon NaanGarlic and Parsnip Chapatis","Saffron and Golden Raisin Bagels
Porcini Bagels","Chester",50,"CEO of the charity Plantlife","Somerset"
"159",3,3,"Victoria",4,"OUT","Fig, Walnut and Pink Peppercorn Tarte Tatin","Tropical Fruit Tart with Black Pepper Crust","Chester",50,"CEO of the charity Plantlife","Somerset"
"160",4,1,"Ali",11,"IN","Rose and Pistachio Cake","Chocolate, Raspberry and Passion Fruit Engagement Cake","Imdad",25,"Charity worker","Saltley, Birmingham"
"161",4,2,"Ali",9,"IN","Italian Grissini","Sweet and Savoury Yin Yang Bread","Imdad",25,"Charity worker","Saltley, Birmingham"
"162",4,3,"Ali",5,"IN","Coconut, Raspberry and Lemon Meringue Trifle","Vanilla Latte Mini CakesLime & Mint Shortbread Pops","Imdad",25,"Charity worker","Saltley, Birmingham"
"163",4,4,"Ali",8,"OUT","Apple and Ginger Pie with a Pecan and Walnut Shortcrust Pastry","Orange, Cardamom and Date M'Hanncha","Imdad",25,"Charity worker","Saltley, Birmingham"
"164",4,1,"Beca",8,"IN","Grapefruit Sandwich Cake","Chocolate Cherry Indulgence","Lyne",31,"Military Wives' Choir Singer","Aldershot, Hampshire"
"165",4,2,"Beca",11,"IN","Fennel and Chilli Breadsticks","Five Strand Christmas Wreath","Lyne",31,"Military Wives' Choir Singer","Aldershot, Hampshire"
"166",4,3,"Beca",10,"IN","Orange and Ginger Trifle","Limoncello and Blueberry BurstsMillionaire Shortbread","Lyne",31,"Military Wives' Choir Singer","Aldershot, Hampshire"
"167",4,4,"Beca",2,"IN","Mamgu's Cherry-Apple Tart","Moroccan Vegetable Filo Feast","Lyne",31,"Military Wives' Choir Singer","Aldershot, Hampshire"
"168",4,5,"Beca",5,"IN","Chocolate, Cherry and Hazelnut Brownies","Tiered Macaron and Sugar Dough Biscuit Centrepiece","Lyne",31,"Military Wives' Choir Singer","Aldershot, Hampshire"
"169",4,6,"Beca",6,"IN","Bara Brith","Chocolate and Rum-Soaked Prune BriochesCardamom Spiced Lemon Iced Buns","Lyne",31,"Military Wives' Choir Singer","Aldershot, Hampshire"
"170",4,7,"Beca",1,"IN","Spring Lamb and Vegetable Suet Puddingwith Redcurrant Gravy","Nectarine and Frangipane SquaresChocolate and Hazelnut Vol-au-ventsStrawberries and Cream Mille-feuille","Lyne",31,"Military Wives' Choir Singer","Aldershot, Hampshire"
"171",4,8,"Beca",4,"IN","Potato, Spelt and Rosemary Focaccia","Spiced Butternut Squash and Pecan 'Cheese' Cake","Lyne",31,"Military Wives' Choir Singer","Aldershot, Hampshire"
"172",4,9,"Beca",3,"OUT","Stilton and Walnut MacaronsBeetroot and Salmon Choux PuffsWelsh Rarebit Tartlets","Banoffee Opera Cake","Lyne",31,"Military Wives' Choir Singer","Aldershot, Hampshire"
"173",4,1,"Christine",3,"IN","Strawberry, Vanilla and Rosewater Summer Basket","Chocolate and Orange 'Fripperous' Hat Cake","Wallace",66,"Director of an engraving company","Didcot, Oxfordshire"
"174",4,2,"Christine",4,"IN","Mediterranean Breadsticks with Oregano","Double Plaited Loaf","Wallace",66,"Director of an engraving company","Didcot, Oxfordshire"
"175",4,3,"Christine",4,"STAR BAKER","Caribbean Pina Colada Trifle","Ninety-NinersSachertorte Parcels","Wallace",66,"Director of an engraving company","Didcot, Oxfordshire"
"176",4,4,"Christine",7,"IN","Granny Rogers' Apple, Plum & Cinnamon Country Pie","Roasted Vegetable Filo Pie with Feta Cheese","Wallace",66,"Director of an engraving company","Didcot, Oxfordshire"
"177",4,5,"Christine",1,"STAR BAKER","Mixed Berry and Almond Crumble Traybake","Shortbread Bavarian Clock Tower","Wallace",66,"Director of an engraving company","Didcot, Oxfordshire"
"178",4,6,"Christine",4,"IN","Oxford Nutty Fruit Loaf","Schnecken BunsVanilla Custard Skolebrød","Wallace",66,"Director of an engraving company","Didcot, Oxfordshire"
"179",4,7,"Christine",6,"IN","Spotted Dick 'With a Kick'and Vanilla Custard Ice Cream","Eccles CakesFresh Fruit BasketsLemon Cream Eton Mess Mille-feuille","Wallace",66,"Director of an engraving company","Didcot, Oxfordshire"
"180",4,8,"Christine",5,"OUT","Multi-Seeded Loaf with Pumpkin, Sesame and Sunflower Seeds","Sweet Potato Guitar with Passion Fruit Icing and Marshmallow Fondant","Wallace",66,"Director of an engraving company","Didcot, Oxfordshire"
"181",4,1,"Deborah",9,"IN","Pineapple Cake","'Coffee Time'","Manger",51,"Dentist","Peterborough"
"182",4,2,"Deborah",8,"IN","Fennel & Chilli Breadsticks","Walnut Fleur Loaf","Manger",51,"Dentist","Peterborough"
"183",4,3,"Deborah",9,"OUT","Tropical Trifle*","Canelé Cherry and Chocolate CakesRose Cookies","Manger",51,"Dentist","Peterborough"
"184",4,1,"Frances",7,"IN","Giant Jam Sandwich","Secret Squirrel Cake","Quinn",31,"Children's Clothes Designer","Market Harborough, Leicestershire"
"185",4,2,"Frances",2,"IN","Giant Matchsticks","Sailor's Knot","Quinn",31,"Children's Clothes Designer","Market Harborough, Leicestershire"
"186",4,3,"Frances",8,"IN","Apple and Blackberry Crumble Trifle","'Ballet Bites' Ginger NutcrackersSugar Plum Fairy Cakes","Quinn",31,"Children's Clothes Designer","Market Harborough, Leicestershire"
"187",4,4,"Frances",1,"IN","Peach Pie In the Sky","Cherry Tree Baklava Filo Pie","Quinn",31,"Children's Clothes Designer","Market Harborough, Leicestershire"
"188",4,5,"Frances",3,"IN","Millionaire Banoffee Bonus","Biscuit Buttons and Beads","Quinn",31,"Children's Clothes Designer","Market Harborough, Leicestershire"
"189",4,6,"Frances",2,"IN","Chai Tea Loaf","Hot Cross BriochesRhubarb and Custard Kolaches","Quinn",31,"Children's Clothes Designer","Market Harborough, Leicestershire"
"190",4,7,"Frances",5,"STAR BAKER","Figgy Roll-y Poly Puddingwith Caramelised Walnut and Honey Ice-Cream","French Framboise Cream HornsSheet Music Mille-feuilleBass Clef Palmiers","Quinn",31,"Children's Clothes Designer","Market Harborough, Leicestershire"
"191",4,8,"Frances",3,"IN","'Chelsea Flour Show' Bun Bouquet","Hidden Carrot Cake (Ground Praline, Beetroot and Walnut)","Quinn",31,"Children's Clothes Designer","Market Harborough, Leicestershire"
"192",4,9,"Frances",2,"IN","Legume Canapés:
Chantenay CarrotsChoux Pastry TomatoesCauliflower Cheese Scones","Great British Soap Opera Cake","Quinn",31,"Children's Clothes Designer","Market Harborough, Leicestershire"
"193",4,10,"Frances",3,"WINNER","Rainbow Picnic Pie","Midsummer Night's Dream Wedding Cake","Quinn",31,"Children's Clothes Designer","Market Harborough, Leicestershire"
"194",4,1,"Glenn",4,"IN","Strawberries and Cream Cake","Almond and Espresso Chocolate Cake","Cosby",37,"English Teacher","Teignmouth, Devon"
"195",4,2,"Glenn",7,"IN","Rosemary and Parmesan Grissini","Harvest Crown","Cosby",37,"English Teacher","Teignmouth, Devon"
"196",4,3,"Glenn",1,"IN","Raspberry and Almond Trifle","Billionaire BouchéesOrange Financiers","Cosby",37,"English Teacher","Teignmouth, Devon"
"197",4,4,"Glenn",9,"IN","Apple & Maple Syrup Pie","Spanakopita (Walnut and Feta Cheese)","Cosby",37,"English Teacher","Teignmouth, Devon"
"198",4,5,"Glenn",2,"IN","Apricot and Pistachio Tiffin","Shortbread and Macaron Helter-Skelter","Cosby",37,"English Teacher","Teignmouth, Devon"
"199",4,6,"Glenn",5,"IN","Devonshire Panettone","Almond and Apricot BriochesSticky Caramel Kanelbullen","Cosby",37,"English Teacher","Teignmouth, Devon"
"200",4,7,"Glenn",3,"OUT","Prune and Armagnac Puddingwith Boozy Butterscotch Sauce","Caramelised Apple and Marzipan TartletsChocolate Elephant EarsPassion Fruit Mille-feuille","Cosby",37,"English Teacher","Teignmouth, Devon"
"201",4,1,"Howard",6,"IN","Passion Fruit and Coconut Cake","Black Forest Revisited","Middleton",51,"Council Worker","Sheffield"
"202",4,2,"Howard",10,"IN","Moroccan Breadsticks","Picasso Sun Bread","Middleton",51,"Council Worker","Sheffield"
"203",4,3,"Howard",7,"IN","Caramel and Apple Trifle*","Black Coffee and Cardamom CakesWhite Stilton and Pear Biscuits","Middleton",51,"Council Worker","Sheffield"
"204",4,4,"Howard",5,"IN","Apple Pie with Sage Pastry","Fresh Fig and Feta Filo Flan","Middleton",51,"Council Worker","Sheffield"
"205",4,5,"Howard",8,"IN","Breakfast Traybake","Japanese Pagoda Tea Tower","Middleton",51,"Council Worker","Sheffield"
"206",4,6,"Howard",7,"OUT","Date & Hemp Yorkshire Loaf","Peachy BunsGerman Baumschnecken","Middleton",51,"Council Worker","Sheffield"
"207",4,1,"Kimberley",10,"IN","Blood Orange Cake","Chocolate, Raspberry & Basil Layer Cake","Wilson",30,"Psychologist","London"
"208",4,2,"Kimberley",1,"IN","Nigella Seed and Parmesan Breadsticks","Peace Bread","Wilson",30,"Psychologist","London"
"209",4,3,"Kimberley",6,"IN","Peach, Almond and Ginger Trifle","Chocolate Pistachio FinanciersLemon Bergamot Biscuits","Wilson",30,"Psychologist","London"
"210",4,4,"Kimberley",4,"STAR BAKER","Pecan and Rosemary Caramel Apple Pie","Chicken, Bacon and Butternut Squash Pie","Wilson",30,"Psychologist","London"
"211",4,5,"Kimberley",7,"IN","Cherry and Almond Bakewell Florentine Slice","Black and White Viennese Biscuit Stack","Wilson",30,"Psychologist","London"
"212",4,6,"Kimberley",3,"IN","Chai Spiced Ginger and Date Tea Loaf","Double Chocolate and Hazelnut BriochesDanish Kanelsnurrer","Wilson",30,"Psychologist","London"
"213",4,7,"Kimberley",4,"IN","Barberry and Apple Spotted Dickwith Maple Syrup and White Chocolate Custard","Pear, Malt and Butterscotch Mille-feuilleBlackberry and Lemon Verbena Crème Brûle Custard TartsFig, Orange and Thyme Galette","Wilson",30,"Psychologist","London"
"214",4,8,"Kimberley",2,"IN","Wild Garlic Pesto and Parma Ham Spelt Loaf","Butternut Squash and Spice Cake Toadstool House","Wilson",30,"Psychologist","London"
"215",4,9,"Kimberley",1,"STAR BAKER","Pea Purée TartsCrab and Wasabi ProfiterolesSteamed Buns with Barbecue Chicken","Passion Fruit and Lime Opera Cake","Wilson",30,"Psychologist","London"
"216",4,10,"Kimberley",1,"Runner-up","Chicken and Pig Pie","Languages of Love Wedding Cake","Wilson",30,"Psychologist","London"
"217",4,1,"Lucy",2,"IN","Timperley Early Cake","Thyme 'Wildwood' Cake","Bellamy",38,"Horticulturist","Grimsby, Lincolnshire"
"218",4,2,"Lucy",12,"OUT","Grissini with Salt","Roast Tomato Bread","Bellamy",38,"Horticulturist","Grimsby, Lincolnshire"
"219",4,1,"Mark",5,"IN","Lemon and Poppy Seed Cake","Chocolate Monster","Onley",37,"Carpenter and Kitchen Fitter","Milton Keynes"
"220",4,2,"Mark",6,"IN","Rosemary & Raisin Breadsticks","Sage & Garlic Plait","Onley",37,"Carpenter and Kitchen Fitter","Milton Keynes"
"221",4,3,"Mark",11,"OUT","Ginger, Mango and Passion Fruit Trifle","Rose and Pistachio MacaroonsChocolate and Raspberry Bites","Onley",37,"Carpenter and Kitchen Fitter","Milton Keynes"
"222",4,1,"Robert",1,"STAR BAKER","Pecan and Apple Cake","Raspberry Chocolate Cake","Smart",54,"Space Satellite Designer","Melbourn, Cambridgeshire"
"223",4,2,"Robert",5,"IN","Twisty Rye Bread Sticks","Tribute Loaf","Smart",54,"Space Satellite Designer","Melbourn, Cambridgeshire"
"224",4,3,"Robert",2,"IN","Rhubarb and Orange Trifle","Almond FriandsTurǫn Macaroons","Smart",54,"Space Satellite Designer","Melbourn, Cambridgeshire"
"225",4,4,"Robert",3,"IN","Apple and Pear Pie with Thyme","Spanakopita with St George's Mushrooms","Smart",54,"Space Satellite Designer","Melbourn, Cambridgeshire"
"226",4,5,"Robert",4,"OUT","Blueberry & Orange Traybake","Dalek","Smart",54,"Space Satellite Designer","Melbourn, Cambridgeshire"
"227",4,1,"Ruby",12,"IN","Rhubarb and Custard Sandwich Cake","Chocolate and Ginger Night Sky Cake","Tandoh",20,"History of Art and Philosophy Student","Southend, Essex"
"228",4,2,"Ruby",3,"STAR BAKER","Mexican Breadsticks","White Chocolate and Orange Peacock Bread","Tandoh",20,"History of Art and Philosophy Student","Southend, Essex"
"229",4,3,"Ruby",3,"IN","Desert Island Trifle","Lemon Shortbread and White Chocolate SeashellsBlackberry and Chocolate Layer Cakes","Tandoh",20,"History of Art and Philosophy Student","Southend, Essex"
"230",4,4,"Ruby",6,"IN","Apple and Marzipan Pie","Rose, Almond and Raspberry Filo Pie","Tandoh",20,"History of Art and Philosophy Student","Southend, Essex"
"231",4,5,"Ruby",6,"IN","Blackberry and Lemon Bakewell Slice","'Dropped Ice-Cream' Biscuit Centrepiece","Tandoh",20,"History of Art and Philosophy Student","Southend, Essex"
"232",4,6,"Ruby",1,"STAR BAKER","Citrus Tea Loaf","Twisted Swedish KanelbullarSaffron St. Lucia Buns","Tandoh",20,"History of Art and Philosophy Student","Southend, Essex"
"233",4,7,"Ruby",2,"IN","Plum Jam Roly-Polywith Ginger Ice cream","Raspberry and Passion Fruit Mille-feuilleCaramelised Apple LatticePortuguese Custard Tarts","Tandoh",20,"History of Art and Philosophy Student","Southend, Essex"
"234",4,8,"Ruby",1,"STAR BAKER","Mango and Nigella Seed Spelt Cob","Carrot Cake and Pistachio Garden Plot","Tandoh",20,"History of Art and Philosophy Student","Southend, Essex"
"235",4,9,"Ruby",4,"IN","Beetroot Jelly on Poppy Seed BiscuitsSpinach, Parmesan and Egg TartletsChoux Buns with Goat's Cheese and Caramelised Onions","Chocolate, Almond Praline and Saffron Opera Cake","Tandoh",20,"History of Art and Philosophy Student","Southend, Essex"
"236",4,10,"Ruby",2,"Runner-up","Picnic Basket Pie","Raspberry, Lemon and Passion Fruit Wedding Cake","Tandoh",20,"History of Art and Philosophy Student","Southend, Essex"
"237",4,1,"Toby",13,"OUT","Spiced and Iced Carrot Cake","Two Tiered Chocolate Cake","Waterworth",30,"Web Programmer","Reading, Berkshire"
"238",5,1,"Chetna",3,"IN","Cardamom, Pistachio and Coffee Swiss Roll","Tiered Victoria Sponges with Lemon Curd and Raspberry Cream","Makan",35,"Fashion Designer","Broadstairs, Kent"
"239",5,2,"Chetna",8,"IN","Fenugreek and Carom Crackers","Day On The Beach","Makan",35,"Fashion Designer","Broadstairs, Kent"
"240",5,3,"Chetna",8,"IN","Onion and Pine Nut Rolls","Rolled and Filled Twin Loaf","Makan",35,"Fashion Designer","Broadstairs, Kent"
"241",5,4,"Chetna",3,"IN","Rhubarb, Strawberry and Orange Puddings","Mango, Raspberry and Coconut Baked Alaska","Makan",35,"Fashion Designer","Broadstairs, Kent"
"242",5,5,"Chetna",2,"IN","Rice Custard Tart with Mangoes and Raspberries","Fusion Tiered Pies","Makan",35,"Fashion Designer","Broadstairs, Kent"
"243",5,6,"Chetna",2,"STAR BAKER","Orange Savarin with Cinnamon Cream","Almond Liqueur Dobos Torte with Chocolate Caramel Buttercream","Makan",35,"Fashion Designer","Broadstairs, Kent"
"244",5,7,"Chetna",6,"IN","Crispy Lentil Kachori","Chocolate and Mango & Lemon Meringue Éclairs","Makan",35,"Fashion Designer","Broadstairs, Kent"
"245",5,8,"Chetna",1,"IN","Date and Walnut Swirl Bread","Chocolate Mousse Filled DoughnutsBraided Doughnuts","Makan",35,"Fashion Designer","Broadstairs, Kent"
"246",5,9,"Chetna",4,"OUT","Chocolate Orange Baklava Masala Chai Baklava","Chocolate, Orange & Nut EntremetsCappuccino Entremets","Makan",35,"Fashion Designer","Broadstairs, Kent"
"247",5,1,"Claire",8,"OUT","Chocolatey Orangey Swirly Roll","Mini Chocolate and Cherry Cakes","Goodwin",31,"Speech Therapist","Ashton upon Mersey, Trafford"
"248",5,1,"Diana",5,"IN","Mum's Sunday Tea Lemon Curd Swiss Roll","Chocolate Ganache Surprises","Beard",69,"Women's Institute (WI) Judge","Alkington, Shropshire"
"249",5,2,"Diana",7,"IN","Parmesan Triangles","Express, First Class","Beard",69,"Women's Institute (WI) Judge","Alkington, Shropshire"
"250",5,3,"Diana",7,"IN","Rustic Picnic Rolls","Sharing Savoury Pinwheel","Beard",69,"Women's Institute (WI) Judge","Alkington, Shropshire"
"251",5,4,"Diana",9,"IN","Orange and Lemon Curd Pots","Raspberry Ripple Alaska Swan","Beard",69,"Women's Institute (WI) Judge","Alkington, Shropshire"
"252",5,5,"Diana",NA,"WD",NA,NA,"Beard",69,"Women's Institute (WI) Judge","Alkington, Shropshire"
"253",5,6,"Diana",NA,"IN",NA,NA,"Beard",69,"Women's Institute (WI) Judge","Alkington, Shropshire"
"254",5,7,"Diana",NA,"IN",NA,NA,"Beard",69,"Women's Institute (WI) Judge","Alkington, Shropshire"
"255",5,8,"Diana",NA,"IN",NA,NA,"Beard",69,"Women's Institute (WI) Judge","Alkington, Shropshire"
"256",5,9,"Diana",NA,"IN",NA,NA,"Beard",69,"Women's Institute (WI) Judge","Alkington, Shropshire"
"257",5,10,"Diana",NA,"IN",NA,NA,"Beard",69,"Women's Institute (WI) Judge","Alkington, Shropshire"
"258",5,1,"Enwezor",9,"IN","Raspberry and Lemon Swiss Roll","Coffee and Walnut Battenberg Squares","Nzegwu",39,"Business Consultant","Portsmouth, Hampshire"
"259",5,2,"Enwezor",9,"OUT","Pumpkin and Sunflower Savoury Biscuits","Space Adventure Moon Scene","Nzegwu",39,"Business Consultant","Portsmouth, Hampshire"
"260",5,1,"Iain",4,"IN","Apricot and Basil Swiss Roll with Mascarpone and White Chocolate Cream","Lemon Drizzle Cakes with Mascarpone Filling, Drizzled Icing, and Candied Lemon","Watters",31,"Construction Engineer","London/Belfast"
"261",5,2,"Iain",11,"IN","Za'atar and Fig Biscuits","Wild West Scene","Watters",31,"Construction Engineer","London/Belfast"
"262",5,3,"Iain",9,"IN","Cranberry and Walnut Rye Bread Rolls","Moroccan Plaited with a Bessara Dip","Watters",31,"Construction Engineer","London/Belfast"
"263",5,4,"Iain",6,"OUT","Chocolate, Lime and Raspberry Fondants","Chocolate, Black Sesame Seed and Coffee Caramel Baked Alaska (not presented)","Watters",31,"Construction Engineer","London/Belfast"
"264",5,1,"Jordan",12,"IN","Kawaii Frasier Swiss Roll","Lemon Drizzle Cakes with Blueberry and Lemon Curd","Cox",32,"IT Manager","Sneinton, Nottingham"
"265",5,2,"Jordan",6,"IN","Sourdough, Parmesan and Chilli Biscuits","Monster Attack","Cox",32,"IT Manager","Sneinton, Nottingham"
"266",5,3,"Jordan",10,"OUT","Rye and Spelt Bread Rolls","Strawberry Raspberry Cheesecake Brioche","Cox",32,"IT Manager","Sneinton, Nottingham"
"267",5,1,"Kate",6,"IN","Red Velvet and White Chocolate Swiss Roll","Mini Tiered Victoria Sponges","Henry",41,"Furniture Restorer","Brighton, East Sussex"
"268",5,2,"Kate",4,"IN","Parmesan and Apple Biscuits","Tea Time","Henry",41,"Furniture Restorer","Brighton, East Sussex"
"269",5,3,"Kate",1,"IN","Orange and Cardamom Rye Bread Knots","Prosciutto, Olive and Coriander Bread","Henry",41,"Furniture Restorer","Brighton, East Sussex"
"270",5,4,"Kate",7,"IN","Chocolate and Salted Caramel Molten Puddings","Pistachio, Raspberry and Chocolate Baked Alaska","Henry",41,"Furniture Restorer","Brighton, East Sussex"
"271",5,5,"Kate",3,"STAR BAKER","Rhubarb and Custard Tart","Rhubarb, Prune and Apple Pies","Henry",41,"Furniture Restorer","Brighton, East Sussex"
"272",5,6,"Kate",6,"IN","Pecan, Chocolate and Sour Cherry Yeast Cake","Trio of Dobos Tortes","Henry",41,"Furniture Restorer","Brighton, East Sussex"
"273",5,7,"Kate",4,"OUT","Spinach and Paneer Spicy Samosa","Neapolitan & Lemon Meringue Éclairs","Henry",41,"Furniture Restorer","Brighton, East Sussex"
"274",5,1,"Luis",7,"IN","Spanish Swiss Roll","Raspberry and Lemon Genoise Slices with Lemon Drizzles","Troyano",42,"Graphic Designer","Poynton, Cheshire"
"275",5,2,"Luis",3,"IN","Black Olive and Rosemary Biscuits with Caramelised Onion Glaze","George Versus The Dragon","Troyano",42,"Graphic Designer","Poynton, Cheshire"
"276",5,3,"Luis",2,"STAR BAKER","Opposites Attract Rolls","Roscón de Reyes","Troyano",42,"Graphic Designer","Poynton, Cheshire"
"277",5,4,"Luis",2,"IN","Pears in Puddings","Bakewell Alaska","Troyano",42,"Graphic Designer","Poynton, Cheshire"
"278",5,5,"Luis",6,"IN","Tropical Manchester Tart","Four Fruity Seasons Tower","Troyano",42,"Graphic Designer","Poynton, Cheshire"
"279",5,6,"Luis",3,"IN","Apple and Cinnamon Kugelhopf with Honeyed Apples","The Cage on the Rocky Hill","Troyano",42,"Graphic Designer","Poynton, Cheshire"
"280",5,7,"Luis",5,"IN","Childhood Empanadas","Stars and Stripes Éclairs
(Blueberry Cheesecake & Peanut Butter and Jelly Éclairs)","Troyano",42,"Graphic Designer","Poynton, Cheshire"
"281",5,8,"Luis",2,"IN","Black Forest Cherry Tree","Cocktail Doughnuts
(Mudslide & Raspberry Mojito)","Troyano",42,"Graphic Designer","Poynton, Cheshire"
"282",5,9,"Luis",1,"IN","Indian Rose BaklavaHalwa Baklava Rolls","Chocolate Mousse & Cherry EntremetsPomegranate, Fig & Pistachio Sponges","Troyano",42,"Graphic Designer","Poynton, Cheshire"
"283",5,10,"Luis",2,"Runner-up","Apple, Walnut, Raisin and Cheshire Cheese ChaussonsPain au Chocolat Blanc with Raspberries and Cream Cheese","Village in Chocolate","Troyano",42,"Graphic Designer","Poynton, Cheshire"
"284",5,1,"Martha",2,"IN","Tiramisu Swiss Roll","Mini Lemon and Thyme Drizzle Cakes","Collison",17,"Student","Ascot, Berkshire"
"285",5,2,"Martha",5,"IN","Caramelised Onion and Goat's Cheese Sandwich Biscuits","Ski Village Scene","Collison",17,"Student","Ascot, Berkshire"
"286",5,3,"Martha",3,"IN","Date and Walnut Rye Rolls","Stuffed Sunflower Loaf","Collison",17,"Student","Ascot, Berkshire"
"287",5,4,"Martha",1,"IN","Peanut Butter Chocolate Fondants","Key Lime Baked Alaska","Collison",17,"Student","Ascot, Berkshire"
"288",5,5,"Martha",1,"IN","Pistachio, Apricot and Honey Custard Tart","Three Little Pigs Pie","Collison",17,"Student","Ascot, Berkshire"
"289",5,6,"Martha",4,"IN","Dark Chocolate and Almond Liqueur Savarin","Chess-Themed Chocolate and Salted Caramel Dobos Torte","Collison",17,"Student","Ascot, Berkshire"
"290",5,7,"Martha",3,"IN","Mini Beef Wellingtons","Rhubarb and Custard & Maple Syrup and Bacon Éclairs","Collison",17,"Student","Ascot, Berkshire"
"291",5,8,"Martha",5,"OUT","Spiced Plum Iced Bread Swirl","Glazed Lemon & Poppy Seed DoughnutsChocolate & Passion Fruit Doughnuts","Collison",17,"Student","Ascot, Berkshire"
"292",5,1,"Nancy",1,"STAR BAKER","Coffee and Hazelnut Swiss Roll","Jaffa Orange Cakes","Birtwhistle",60,"Retired Practice Manager","Barton-upon-Humber, Lincolnshire"
"293",5,2,"Nancy",2,"IN","Fennel and Rye Thins","Hansel and Gretel Scene","Birtwhistle",60,"Retired Practice Manager","Barton-upon-Humber, Lincolnshire"
"294",5,3,"Nancy",5,"IN","Cider and Walnut Crusty Rolls","'Full English' Stromboli","Birtwhistle",60,"Retired Practice Manager","Barton-upon-Humber, Lincolnshire"
"295",5,4,"Nancy",4,"IN","Pistachio Puddings with Chocolate Sauce","Summer Pudding Alaska","Birtwhistle",60,"Retired Practice Manager","Barton-upon-Humber, Lincolnshire"
"296",5,5,"Nancy",4,"IN","Chocolate Crusted Passion Fruit Tart","Trio of Apple Pies","Birtwhistle",60,"Retired Practice Manager","Barton-upon-Humber, Lincolnshire"
"297",5,6,"Nancy",1,"IN","Rum Punch Savarin with Coconut Cream and Tropical Fruits","Chocolate and Caramel Dobos Torte","Birtwhistle",60,"Retired Practice Manager","Barton-upon-Humber, Lincolnshire"
"298",5,7,"Nancy",2,"IN","Spicy Duck Pasties","Smoked Salmon and Horseradish & Raspberry Ripple Éclairs","Birtwhistle",60,"Retired Practice Manager","Barton-upon-Humber, Lincolnshire"
"299",5,8,"Nancy",3,"IN","Lincolnshire Plum Braid","Doughnut Family Tree
(Limoncello and Almond & Milk Chocolate and Orange)","Birtwhistle",60,"Retired Practice Manager","Barton-upon-Humber, Lincolnshire"
"300",5,9,"Nancy",3,"IN","Coffee and Chocolate BaklavaBreakfast Baklava","Raspberry NonnettesLime and Passion Fruit Entremets","Birtwhistle",60,"Retired Practice Manager","Barton-upon-Humber, Lincolnshire"
"301",5,10,"Nancy",1,"WINNER","Apple and Lemon KitesRaspberry and Almond Croissants","Red Windmill","Birtwhistle",60,"Retired Practice Manager","Barton-upon-Humber, Lincolnshire"
"302",5,1,"Norman",11,"IN","Black Forest Swiss Roll","Almond and Raspberry Mini Cakes","Calder",66,"Retired Naval Officer","Portknockie, Moray"
"303",5,2,"Norman",10,"IN","Farthing Biscuits","Zulu Boats at Dawn","Calder",66,"Retired Naval Officer","Portknockie, Moray"
"304",5,3,"Norman",4,"IN","Rye Bread Rolls","Chicken and Roasted Vegetable Picnic Loaf","Calder",66,"Retired Naval Officer","Portknockie, Moray"
"305",5,4,"Norman",8,"IN","Mini Sticky Toffee Puddings","Baked Alaska with Strawberry Surprise","Calder",66,"Retired Naval Officer","Portknockie, Moray"
"306",5,5,"Norman",5,"OUT","Tarte au Citron","Pieful Tower","Calder",66,"Retired Naval Officer","Portknockie, Moray"
"307",5,1,"Richard",10,"IN","Pistachio and Strawberry Swiss Roll","Miniature Coffee & Walnut Cakes","Burr",38,"Builder","Mill Hill, London"
"308",5,2,"Richard",1,"STAR BAKER","Rosemary Seeded Crackers","Pirates!","Burr",38,"Builder","Mill Hill, London"
"309",5,3,"Richard",6,"IN","Rye and Cranberry Rolls","Pesto Pinwheel","Burr",38,"Builder","Mill Hill, London"
"310",5,4,"Richard",5,"STAR BAKER","Black Forest Chocolate Fondants","Tiramisu Baked Alaska","Burr",38,"Builder","Mill Hill, London"
"311",5,5,"Richard",7,"IN","Fig and Orange Tart","Three Course Autumn Pie Feast","Burr",38,"Builder","Mill Hill, London"
"312",5,6,"Richard",5,"IN","Fruity Guglhupf with an Orange Glaze","Sugar Forest Dobos Torte","Burr",38,"Builder","Mill Hill, London"
"313",5,7,"Richard",1,"STAR BAKER","Minted Lamb Pasties","Stair of Éclairs
(Lavender and Blueberry & Rose and Raspberry Éclairs)","Burr",38,"Builder","Mill Hill, London"
"314",5,8,"Richard",4,"STAR BAKER","Fruit Swedish Tea Ring","Rhubarb and Custard and Toffee Apple Doughnuts","Burr",38,"Builder","Mill Hill, London"
"315",5,9,"Richard",2,"STAR BAKER","Rose and Pistachio BaklavaWalnut and Almond Baklava","Hazelnut Mocha EntremetsPink Grapefruit Entremets","Burr",38,"Builder","Mill Hill, London"
"316",5,10,"Richard",3,"Runner-up","Pear Pain au ChocolatPain Au Lait","Mill on the Hill","Burr",38,"Builder","Mill Hill, London"
"317",6,1,"Alvin",2,"IN","Orange Vanilla and Fig Madeira Cake","Black Forest Gâteau","Magallanes",37,"Nurse","Bracknell, Berkshire"
"318",6,2,"Alvin",6,"IN","Jackfruit, Pistachio and Macadamia Biscotti","Gingerbread Box filled with Brandy Snaps","Magallanes",37,"Nurse","Bracknell, Berkshire"
"319",6,3,"Alvin",4,"IN","Prosciutto, Manchego and Balsamic Onion Soda Breads","Cornucopia","Magallanes",37,"Nurse","Bracknell, Berkshire"
"320",6,4,"Alvin",9,"IN","Blackberry Crème Brûlées","Tower of Fruits Cheesecakes","Magallanes",37,"Nurse","Bracknell, Berkshire"
"321",6,5,"Alvin",8,"IN","Pineapple Upside Down Cake","Buko Pandan, Mango and Passion Fruit Ice Cream Roll","Magallanes",37,"Nurse","Bracknell, Berkshire"
"322",6,6,"Alvin",6,"OUT","Plum Frangipane Tart","Smoked Salmon En Croûte and Vermouth Chicken à la King Vol-au-vents","Magallanes",37,"Nurse","Bracknell, Berkshire"
"323",6,1,"Dorret",5,"IN","Madeira Cake with Candied Lemons","Enchanted Forest Gâteau","Conway",53,"Accountant","Penwortham, Lancashire"
"324",6,2,"Dorret",1,"IN","Almond and Apricot Biscotti with Amber Sugar Crystals","Box of Frogs","Conway",53,"Accountant","Penwortham, Lancashire"
"325",6,3,"Dorret",6,"OUT","Walnut and Stilton Soda Breads","Unmade Bread","Conway",53,"Accountant","Penwortham, Lancashire"
"326",6,1,"Flora",6,"IN","Blood Orange Madeira Cake","Black Forest Gâteau","Shedden",19,"Art gallery assistant","Dunkeld, Perth and Kinross"
"327",6,2,"Flora",2,"IN","Wedding Biscotti","Honey and Earl Grey Tea Box","Shedden",19,"Art gallery assistant","Dunkeld, Perth and Kinross"
"328",6,3,"Flora",2,"IN","Fig and Hazelnut Rye Breads","Herb Couture","Shedden",19,"Art gallery assistant","Dunkeld, Perth and Kinross"
"329",6,4,"Flora",3,"IN","Rhubarb and Ginger Crème Brûlées","Elderflower and Granola Cheesecakes","Shedden",19,"Art gallery assistant","Dunkeld, Perth and Kinross"
"330",6,5,"Flora",3,"IN","Pistachio, Apple and Cardamom Madeleine Cake","Chocolate and Pear Bûche","Shedden",19,"Art gallery assistant","Dunkeld, Perth and Kinross"
"331",6,6,"Flora",2,"IN","Apricot and Rosemary Frangipane Tart","Asparagus and Parma Ham and Praline and Chocolate Vol-au-vents","Shedden",19,"Art gallery assistant","Dunkeld, Perth and Kinross"
"332",6,7,"Flora",4,"IN","Game Pie with Shallot and Apple Chutney","Raspberry, Pomegranate and Champagne Charlotte Russe","Shedden",19,"Art gallery assistant","Dunkeld, Perth and Kinross"
"333",6,8,"Flora",3,"IN","Peach & Lemon Thyme and Smoked Almond & Butterscotch Cream Horns","Lime & Basil and Coconut & White Chocolate Religieuse à l'ancienne","Shedden",19,"Art gallery assistant","Dunkeld, Perth and Kinross"
"334",6,9,"Flora",1,"OUT","Passion Fruit and Chocolate Tart","Cocoa Carousel","Shedden",19,"Art gallery assistant","Dunkeld, Perth and Kinross"
"335",6,1,"Ian",8,"IN","Somewhere West of Madeira Cake","Black Forest Cherry Tree","Cumming",41,"Travel photographer","Great Wilbraham, Cambridgeshire"
"336",6,2,"Ian",3,"STAR BAKER","Orange, Rosemary and Almond Biscotti","Sandwich de la Confiture","Cumming",41,"Travel photographer","Great Wilbraham, Cambridgeshire"
"337",6,3,"Ian",1,"STAR BAKER","Wild Garlic Pesto Soda Breads","Flour Power","Cumming",41,"Travel photographer","Great Wilbraham, Cambridgeshire"
"338",6,4,"Ian",4,"STAR BAKER","Pomegranate Two Ways Crème Brûlées","Trio of Spicy and Herby Baked Cheesecakes","Cumming",41,"Travel photographer","Great Wilbraham, Cambridgeshire"
"339",6,5,"Ian",5,"IN","Honey and Flowers Cake","Dessert Island","Cumming",41,"Travel photographer","Great Wilbraham, Cambridgeshire"
"340",6,6,"Ian",3,"IN","Pear and Raspberry Frangipane Tart","vol-au-vents Terre et Mer","Cumming",41,"Travel photographer","Great Wilbraham, Cambridgeshire"
"341",6,7,"Ian",5,"IN","Roadkill Pie","Victoria's Crown Charlotte Russe","Cumming",41,"Travel photographer","Great Wilbraham, Cambridgeshire"
"342",6,8,"Ian",2,"IN","Mont Blanc & Black Forest Gâteau Horns","Nun with Hidden Passions","Cumming",41,"Travel photographer","Great Wilbraham, Cambridgeshire"
"343",6,9,"Ian",3,"IN","Chocolate and Bay Tart","Chocolate Well","Cumming",41,"Travel photographer","Great Wilbraham, Cambridgeshire"
"344",6,10,"Ian",2,"Runner-up","Elderflower and Lemon & Spiced Buns","Colossal Curvy Carrot Cake","Cumming",41,"Travel photographer","Great Wilbraham, Cambridgeshire"
"345",6,1,"Marie",3,"STAR BAKER","Zingy Citrus Madeira Cake","A Walk in the Black Forest","Campbell",66,"Retired","Auchterarder, Perthshire"
"346",6,2,"Marie",11,"OUT","Biscotti Italiano","Russian Box","Campbell",66,"Retired","Auchterarder, Perthshire"
"347",6,1,"Mat",7,"IN","Gin and Tonic Madeira Cake","Black Forest Gateau","Riley",37,"Fire fighter","London"
"348",6,2,"Mat",5,"IN","Pistachio, Cranberry and White Chocolate Biscotti","Gingerbread Fire Engine","Riley",37,"Fire fighter","London"
"349",6,3,"Mat",8,"IN","Jalapeño, Mexican Cheddar and Smoked Salt Soda Breads","Curry Inspired Brighton Pavilion","Riley",37,"Fire fighter","London"
"350",6,4,"Mat",7,"IN","Coconut Crème Brûlées","Chocolate Bar Cheesecakes","Riley",37,"Fire fighter","London"
"351",6,5,"Mat",4,"IN","Sugar Free Carrot Cake","Raspberry and Coconut Ice Cream Roll","Riley",37,"Fire fighter","London"
"352",6,6,"Mat",1,"STAR BAKER","Piña Colada Frangipane Tart","His 'n' Hers Vol-au-vents","Riley",37,"Fire fighter","London"
"353",6,7,"Mat",6,"OUT","Raised Venison and Pigeon Pie","Strawberry Charlotte Russe","Riley",37,"Fire fighter","London"
"354",6,1,"Nadiya",12,"IN","Orange and Green Cardamom Madeira Cake","Quadruple Chocolate Black Forest Gâteau","Hussain",30,"Full-time mother","Leeds / Luton"
"355",6,2,"Nadiya",9,"IN","Coconut, Fennel and Pistachio Biscotti","Box of Fortunes","Hussain",30,"Full-time mother","Leeds / Luton"
"356",6,3,"Nadiya",9,"IN","Mexican Bread with Warm Tomato Salsa","Snake Charmer's Basket","Hussain",30,"Full-time mother","Leeds / Luton"
"357",6,4,"Nadiya",8,"IN","Cinnamon Tea Crème Brûlées","Fizzy Pop Cheesecakes","Hussain",30,"Full-time mother","Leeds / Luton"
"358",6,5,"Nadiya",1,"STAR BAKER","Naked Blueberry and Caraway Crunch Cake","Chocolate and Strawberry Lime Ice Cream Roll","Hussain",30,"Full-time mother","Leeds / Luton"
"359",6,6,"Nadiya",4,"IN","Bay Leaf, Rong Tea and Pear Tart","Bengali Korma and Clementine with Cod Vol-au-vents","Hussain",30,"Full-time mother","Leeds / Luton"
"360",6,7,"Nadiya",1,"IN","Aromatic Raised Game Pie","Mango and Raspberry Charlotte Russe","Hussain",30,"Full-time mother","Leeds / Luton"
"361",6,8,"Nadiya",1,"STAR BAKER","Rose Pistachio and Mocha Hazelnut Horns","Bubble Gum and Peppermint Cream Religieuse à l'ancienne","Hussain",30,"Full-time mother","Leeds / Luton"
"362",6,9,"Nadiya",4,"STAR BAKER","Peanut Salted Caramel and Chocolate Tart","Peacock in Nan's Door","Hussain",30,"Full-time mother","Leeds / Luton"
"363",6,10,"Nadiya",1,"WINNER","Cardamom and Almond Buns & Nutmeg and Sour Cherry Fingers","My Big Fat British Wedding Cake","Hussain",30,"Full-time mother","Leeds / Luton"
"364",6,1,"Paul",10,"IN","Lemon, Ginger and Caraway Seed Madeira Cake","Black Forest Chocolate Creation","Jagger",49,"Prison governor","Swansea, Wales"
"365",6,2,"Paul",10,"IN","Chocolate, Hazelnut and Fig Biscotti","Memory Box","Jagger",49,"Prison governor","Swansea, Wales"
"366",6,3,"Paul",10,"IN","Cranberry and Orange Sweet Soda Breads","King of the Jungle","Jagger",49,"Prison governor","Swansea, Wales"
"367",6,4,"Paul",1,"IN","Almond Crème Brûlées","Berry Cheesecake Tower","Jagger",49,"Prison governor","Swansea, Wales"
"368",6,5,"Paul",2,"IN","Carrot & Pecan Cake","Dessert Island Getaway","Jagger",49,"Prison governor","Swansea, Wales"
"369",6,6,"Paul",5,"IN","Christmas Frangipane Tart","Savoury and Sweet Bouchées","Jagger",49,"Prison governor","Swansea, Wales"
"370",6,7,"Paul",2,"IN","Not a Boaring Pie","Charlotte Rose","Jagger",49,"Prison governor","Swansea, Wales"
"371",6,8,"Paul",5,"OUT","Café Tipple & Banana Crunch-away Horns","Religieuse à l'ancienne","Jagger",49,"Prison governor","Swansea, Wales"
"372",6,1,"Sandy",9,"IN","Madeira Cake with Almond Liqueur and Chopped Apricots","Black Forest Gâteau","Docherty",49,"Child welfare officer","Yeadon, West Yorkshire"
"373",6,2,"Sandy",4,"IN","Chocolate Chunk and Hazelnut Biscotti","Sundried Tomato Cheese Biscuit Box","Docherty",49,"Child welfare officer","Yeadon, West Yorkshire"
"374",6,3,"Sandy",7,"IN","Soda Breads with Smoked Bacon and Onion","Basket of Bread Flowers with a Walnut and Blue Cheese Centre","Docherty",49,"Child welfare officer","Yeadon, West Yorkshire"
"375",6,4,"Sandy",6,"OUT","Pontefract Crème Brûlées","Cassata, Whisky and Orange & Apple Pie Cheesecakes","Docherty",49,"Child welfare officer","Yeadon, West Yorkshire"
"376",6,1,"Stu",11,"OUT","Marley Madeira Cake","Purple Forest Gâteau","Henshall",35,"Professional musician","Guildford, Surrey"
"377",6,1,"Tamal",4,"IN","Pistachio and Rose Madeira Cake","Black Forest Gâteau in a Chocolate Shell","Ray",29,"Trainee anaesthetist","Manchester"
"378",6,2,"Tamal",8,"IN","Cinnamon, Maple and Cranberry Biscotti","Chessboard Box","Ray",29,"Trainee anaesthetist","Manchester"
"379",6,3,"Tamal",3,"IN","Fig, Cheese and Walnut Breads","Breadcycle","Ray",29,"Trainee anaesthetist","Manchester"
"380",6,4,"Tamal",5,"IN","Rhubarb and Ginger Crème Brûlées","Mango, Hazelnut and Rosemary Cheesecake Trio","Ray",29,"Trainee anaesthetist","Manchester"
"381",6,5,"Tamal",7,"IN","Honey and Grapefruit Polenta Cake","Passion Fruit and Pineapple Ice Cream Roll","Ray",29,"Trainee anaesthetist","Manchester"
"382",6,6,"Tamal",7,"IN","Spiced Pear Frangipane Tart","Fennel and Rosemary Pulled Pork and Chicken and Coriander vol-au-vents","Ray",29,"Trainee anaesthetist","Manchester"
"383",6,7,"Tamal",3,"STAR BAKER","Middle Eastern Game Pie","Spiced Blackberry, Raspberry and Cardamom Charlotte Russe","Ray",29,"Trainee anaesthetist","Manchester"
"384",6,8,"Tamal",4,"IN","Lime & Mascarpone and Malt Cream Horns","Passionfruit & Mango and Pistachio & Raspberry Religieuse à l'ancienne","Ray",29,"Trainee anaesthetist","Manchester"
"385",6,9,"Tamal",2,"IN","Chocolate New York Pie","Chocolate Bell Tower","Ray",29,"Trainee anaesthetist","Manchester"
"386",6,10,"Tamal",3,"Runner-up","Cinnamon and Apple & Toffee and Marmalade Iced Buns","Sticky Toffee Pudding Cake","Ray",29,"Trainee anaesthetist","Manchester"
"387",6,NA,"Ugn",NA,NA,NA,NA,"Bubnaityte",32,"PA and administrator","Woodford, London / Vilkaviškis, Lithuania"
"388",7,1,"Andrew",12,"IN","Lemon and Rosemary Drizzle Cake","'Ultimate Indulgence' Mirror Glaze Cake","Smyth",25,"Aerospace engineer","Derby / Holywood, County Down"
"389",7,2,"Andrew",4,"IN","Beehive Biscuits","Punting in Cambridge","Smyth",25,"Aerospace engineer","Derby / Holywood, County Down"
"390",7,3,"Andrew",2,"IN","Chocolate Barmbrack Bread","Braided Harvest Bread Basket","Smyth",25,"Aerospace engineer","Derby / Holywood, County Down"
"391",7,4,"Andrew",4,"IN","Yorkshire 'Tapas' Puddings","Churros Window Box","Smyth",25,"Aerospace engineer","Derby / Holywood, County Down"
"392",7,5,"Andrew",6,"IN","Mum and Dad's Breakfast Pastries","Spicy Chorizo Squash Parcels and Baklava Bites","Smyth",25,"Aerospace engineer","Derby / Holywood, County Down"
"393",7,6,"Andrew",6,"IN","Tangy Lime and Ginger Meringue Pie","Spring Elderflower Trio","Smyth",25,"Aerospace engineer","Derby / Holywood, County Down"
"394",7,7,"Andrew",1,"STAR BAKER","Tropical Holiday Roulade","Childhood Ice Cream Mousse Cakes","Smyth",25,"Aerospace engineer","Derby / Holywood, County Down"
"395",7,8,"Andrew",2,"IN","Da Vinci Inspired Geared Pies","Jousting Knights Marchpane","Smyth",25,"Aerospace engineer","Derby / Holywood, County Down"
"396",7,9,"Andrew",2,"STAR BAKER","Cheesy Elephant Ears and Herby Treble Clefs","Philharmonic Fondants","Smyth",25,"Aerospace engineer","Derby / Holywood, County Down"
"397",7,10,"Andrew",1,"Runner-up","Crunchy Caramel Cassis Crown","Family and Friends' Favourites Picnic","Smyth",25,"Aerospace engineer","Derby / Holywood, County Down"
"398",7,1,"Benjamina",6,"IN","Pistachio, Cardamom and Lemon Drizzle Cake","White Chocolate Mirror Glaze with Salted Praline Buttercream","Ebuehi",23,"Teaching assistant","South London"
"399",7,2,"Benjamina",3,"IN","Bouquet Biscuits","New York, New York","Ebuehi",23,"Teaching assistant","South London"
"400",7,3,"Benjamina",6,"IN","Chocolate, Tahini and Almond Babka","Braided Bread Heart","Ebuehi",23,"Teaching assistant","South London"
"401",7,4,"Benjamina",1,"STAR BAKER","Red Onion Chutney, Brie and Bacon Yorkshire Puddings","Tropical Churros","Ebuehi",23,"Teaching assistant","South London"
"402",7,5,"Benjamina",5,"IN","'Good Morning America' Swirls and Peanut Butter and Banana Pinwheels","Plantain and Spinach Samosas and Chai Pear Cups","Ebuehi",23,"Teaching assistant","South London"
"403",7,6,"Benjamina",2,"IN","Grapefruit and Ginger Meringue Pie","Floral Tea Cake","Ebuehi",23,"Teaching assistant","South London"
"404",7,7,"Benjamina",3,"IN","Piña Colada Roulade","Apple Crumble Mousse Cake and Chocolate Coffee Mousse Cake","Ebuehi",23,"Teaching assistant","South London"
"405",7,8,"Benjamina",4,"OUT","Mexican Adventure","Tudor Garden","Ebuehi",23,"Teaching assistant","South London"
"406",7,1,"Candice",5,"IN","Raspberry and Rhubarb Drizzle Custard Bundt Cake","Mirror Mirror On The Wall, Who Is The Shiniest Cake Of Them All?","Brown",31,"PE teacher","Barton-Le-Clay, Bedfordshire"
"407",7,2,"Candice",8,"STAR BAKER","Salted Caramel, Chocolate Iced Shiny Hearts","Gingerbread Pub with Sticky Ginger Carpet","Brown",31,"PE teacher","Barton-Le-Clay, Bedfordshire"
"408",7,3,"Candice",3,"IN","Chocolate, Salted Caramel & Pecan Brittle Brioche Loaf","Italian Light and Dark Rye Twist","Brown",31,"PE teacher","Barton-Le-Clay, Bedfordshire"
"409",7,4,"Candice",2,"IN","Yorkshire Wellingtons","Two-Way Peanut Butter Churros","Brown",31,"PE teacher","Barton-Le-Clay, Bedfordshire"
"410",7,5,"Candice",2,"STAR BAKER","Danish Pastry Croque Monsieur Kites and Cinnamon Apple, Vanilla Crème Rose Danish","Sausage, Black Pudding and Apple Rounds and Banoffee Whiskey Cups","Brown",31,"PE teacher","Barton-Le-Clay, Bedfordshire"
"411",7,6,"Candice",5,"IN","Lime, Coconut and Lemongrass Sugar Meringue Pie","Four Seasons Cake","Brown",31,"PE teacher","Barton-Le-Clay, Bedfordshire"
"412",7,7,"Candice",2,"IN","Crowd Pleaser Roulade","Blackberry and Raspberry Bubbles and After Dinner Mousse","Brown",31,"PE teacher","Barton-Le-Clay, Bedfordshire"
"413",7,8,"Candice",1,"STAR BAKER","Cheesy Cheeky Fish Pies","Peacock","Brown",31,"PE teacher","Barton-Le-Clay, Bedfordshire"
"414",7,9,"Candice",3,"IN","Red Onion, Cambozola and Walnut Palmiers and Mushroom, Streaky Bacon, and Parmesan Palmiers","Chocolate Praline Fondant Fancies and Cherry Bakewell Fondant Fancies","Brown",31,"PE teacher","Barton-Le-Clay, Bedfordshire"
"415",7,10,"Candice",2,"WINNER","Queen Victoria's Mango and Strawberry Crown","Picnic for Pearly Kings and Queens","Brown",31,"PE teacher","Barton-Le-Clay, Bedfordshire"
"416",7,1,"Jane",7,"STAR BAKER","Lemon and Poppy Seed Drizzle Cake","Chocolate Orange Mirror Cake","Beedle",61,"Garden designer","Beckenham"
"417",7,2,"Jane",2,"IN","Flower Pot Iced Biscuits","Hastings Old Town Fishing Net Shops and Boat","Beedle",61,"Garden designer","Beckenham"
"418",7,3,"Jane",9,"IN","Chocolate and Cranberry Couronne","Chorizo and Chilli Flower with Parmesan and Pesto Centre","Beedle",61,"Garden designer","Beckenham"
"419",7,4,"Jane",3,"IN","Meat and Two Veg Yorkshires","Pistachio and White Chocolate Churros","Beedle",61,"Garden designer","Beckenham"
"420",7,5,"Jane",1,"IN","Orange Pain au Raisins, Raspberry, Chocolate and Almond Danish","Roquefort, Fig and Walnut Parcels and Cherry and Chocolate Cones","Beedle",61,"Garden designer","Beckenham"
"421",7,6,"Jane",4,"IN","Lime and Coconut Meringue Pie","Three Tier Orange Cake with a Floral Chocolate Collar","Beedle",61,"Garden designer","Beckenham"
"422",7,7,"Jane",4,"IN","Chocolate and Hazelnut Roulade","Chocolate, Coffee, and Vanilla Joconde Cakes and Blackcurrant and Vanilla Ombre Mousses","Beedle",61,"Garden designer","Beckenham"
"423",7,8,"Jane",5,"IN","Tudor Rose Pies","Swans","Beedle",61,"Garden designer","Beckenham"
"424",7,9,"Jane",1,"IN","Pesto and Sundried Tomato Palmiers and Goats Cheese, Olive and Parma Ham Palmiers","Pistachio and Raspberry Fondant Fancies and Lemon Curd Surprise Fondant Fancies","Beedle",61,"Garden designer","Beckenham"
"425",7,10,"Jane",3,"Runner-up","Red, White and Blue Meringue Crown","Family Favourites Feast","Beedle",61,"Garden designer","Beckenham"
"426",7,1,"Kate",4,"IN","Berry Best Apple and Bramble Drizzle Cake","One Swallow Does Not Make A Summer Cake","Barmby",37,"Nurse","Brooke, Norfolk"
"427",7,2,"Kate",1,"IN","""A Biscuit for the Broads""","""I Promise I will do my best""","Barmby",37,"Nurse","Brooke, Norfolk"
"428",7,3,"Kate",8,"IN","Cobbled Loaf","The Corn Maiden","Barmby",37,"Nurse","Brooke, Norfolk"
"429",7,4,"Kate",7,"OUT","Christmas Dinner Compromise","Hot Cross Bunny Churros","Barmby",37,"Nurse","Brooke, Norfolk"
"430",7,1,"Lee",11,"OUT","St. Clements Orange and Lemon Drizzle Cake","Strawberry Surprise Mirror Cake","Banfield",67,"Pastor","Bolton"
"431",7,1,"Louise",9,"IN","Orange Liqueur and Lemonade Drizzle Cake","White Chocolate Trifle Mirror Glaze Cake","Williams",46,"Hairdresser","Cardiff"
"432",7,2,"Louise",10,"OUT","Baa Bara Brith Biscuits","Gingerbread Wedding","Williams",46,"Hairdresser","Cardiff"
"433",7,1,"Michael",3,"IN","Lime, Ginger and Honey Drizzle Cake","Matcha Tea Chocolate Mirror Glaze","Georgiou",20,"Student","Durham"
"434",7,2,"Michael",9,"IN","Malt, Chocolate and Orange Iced ""Beer"" Biscuits","Trip to See Santa in Lapland","Georgiou",20,"Student","Durham"
"435",7,3,"Michael",7,"OUT","Chocolate and Chilli Swirl Plait","Cypriot Dove and Olive Branch Plaited Loaf with Houmous","Georgiou",20,"Student","Durham"
"436",7,1,"Rav",8,"IN","Ginger Spice Yuzu Drizzle Cake","Colombian Mocha Mirror Glaze Cake","Bansal",28,"Student support","Erith"
"437",7,2,"Rav",6,"IN","Union Jack Bunting Biscuits","Gingerbread Christmas Fairground","Bansal",28,"Student support","Erith"
"438",7,3,"Rav",10,"IN","Chocolate, Cardamom and Hazelnut Loaf","Three Tier Diwali Bread Centrepiece","Bansal",28,"Student support","Erith"
"439",7,4,"Rav",9,"IN","Thai Tofu Panang Yorkshires","Three Dip Matcha Pistachio Churros","Bansal",28,"Student support","Erith"
"440",7,5,"Rav",8,"IN","Cinnamon Swirls and Pecan, Walnut and Maple Plaits","Chinese Style Prawn Filo Tartlets and Spiced White Chocolate and Hazelnut Samosas","Bansal",28,"Student support","Erith"
"441",7,6,"Rav",3,"OUT","Mandarin Margarita Meringue Pie","Blossom Cake","Bansal",28,"Student support","Erith"
"442",7,1,"Selasi",1,"IN","Citrus and Spice Drizzle Cake","Raspberry, Sloe and White Chocolate Mirror Glaze Cake","Gbormittah",30,"Client service associate","London"
"443",7,2,"Selasi",11,"IN","""Wheelie Hot Iced Biscuits""","Stained Glass Window Gingerbread Church","Gbormittah",30,"Client service associate","London"
"444",7,3,"Selasi",5,"IN","Chocolate, Orange and Cinnamon Bread","Bedouin Escape Tear and Share Bread","Gbormittah",30,"Client service associate","London"
"445",7,4,"Selasi",8,"IN","Perfect Sunday Roast Accompaniment","Lemon and Anise Churros","Gbormittah",30,"Client service associate","London"
"446",7,5,"Selasi",3,"IN","Rhubarb, Mango and Ginger Plait, and Pineapple and Coconut Pinwheels","Parma Ham, Asparagus and Cheese Filo Cigars and Coffee Cream Filo Cups","Gbormittah",30,"Client service associate","London"
"447",7,6,"Selasi",7,"IN","Grapefruit, Orange and Mint Meringue Pie","Three Tiered Ombré Floral Cake","Gbormittah",30,"Client service associate","London"
"448",7,7,"Selasi",6,"IN","Summer Picnic Roulade","Lemon, Strawberry and Passionfruit and Chocolate and Mint Mini Mousse Cakes","Gbormittah",30,"Client service associate","London"
"449",7,8,"Selasi",3,"IN","Bouquet of Flowers","Fruity Tudor Marchpane","Gbormittah",30,"Client service associate","London"
"450",7,9,"Selasi",4,"OUT","Sundried Tomato, Onion, Peppers and Parmesan Palmiers and Salmon, Spinach and Mushroom Palmiers","Lime and Ginger Fondant Fancies and Pink Velvet and Raspberry Prosecco Fondant Fancies","Gbormittah",30,"Client service associate","London"
"451",7,1,"Tom",2,"IN","G&T Drizzle Cake","Black Forest Broken Mirror","Gilliford",26,"Project engagement manager","Rochdale"
"452",7,2,"Tom",7,"IN","Chai Frappelatteccino Biscuits","Tom and Pod's Near Death Experience","Gilliford",26,"Project engagement manager","Rochdale"
"453",7,3,"Tom",4,"STAR BAKER","Chocolate Orange and Chilli Swirl Bread","Jörmungandr and Mjölnir","Gilliford",26,"Project engagement manager","Rochdale"
"454",7,4,"Tom",5,"IN","West Yorkshire Fusion Puddings","Fennel Churros Snake In The Grass","Gilliford",26,"Project engagement manager","Rochdale"
"455",7,5,"Tom",4,"IN","Mega Breakfast Bonanzas; Granola Spirals and Wheat Foldovers","Yin and Yang Amuse-bouche","Gilliford",26,"Project engagement manager","Rochdale"
"456",7,6,"Tom",1,"STAR BAKER","Blood Orange Halloween Pumpkin Pie","Floral Tea Cake","Gilliford",26,"Project engagement manager","Rochdale"
"457",7,7,"Tom",5,"OUT","Millionaire's Roulade","Hipster Picnic","Gilliford",26,"Project engagement manager","Rochdale"
"458",7,1,"Val",10,"IN","Mum's Orange and Lemon Drizzle","Chocolate Sponge with Four Fruit Frosting","Stones",66,"Semi-retired, Substitute teacher","Yeovil"
"459",7,2,"Val",5,"IN","Sunday Treat Iced Ice Cream Cone Biscuits","From Holland to New York via Yorkshire","Stones",66,"Semi-retired, Substitute teacher","Yeovil"
"460",7,3,"Val",1,"IN","Double Chocolate Cinnamon Twist Loaf","""And They All Went Into The Ark To Get Out Of The Rain""","Stones",66,"Semi-retired, Substitute teacher","Yeovil"
"461",7,4,"Val",6,"IN","Mum's Chilli Yorkshire Puddings","Orange Chocolate Churros","Stones",66,"Semi-retired, Substitute teacher","Yeovil"
"462",7,5,"Val",7,"OUT","Pecan and Maple Syrup Pinwheels and Apple, Sultana and Cinnamon Swirls","Caramelised Red Onion, Goats Cheese Tartlets and Mincemeat and Apple Spiced Parcels","Stones",66,"Semi-retired, Substitute teacher","Yeovil"
"463",8,1,"Chris",12,"IN","Tropical Fresh Fruit Cake","'Raised Pork Pie and Egg Surprise' Cake","Geiger",50,"Software developer","Bristol"
"464",8,2,"Chris",11,"OUT","Chocolate Chia Seed Biscuits with Whisky Caramel Filling","'The Great British Sail Off' Game","Geiger",50,"Software developer","Bristol"
"465",8,1,"Flo",9,"IN","Citrus Layer Cake","'One in a Melon' Cake","Atkins",71,"Retired","Merseyside"
"466",8,2,"Flo",10,"IN","Gin Jam Butties","'Pick My Bones' Game","Atkins",71,"Retired","Merseyside"
"467",8,3,"Flo",7,"OUT","Cinnamon and Orange Teacakes","'Davy Jones' Locker' Bread Sculpture","Atkins",71,"Retired","Merseyside"
"468",8,1,"James",2,"IN","Orange, Rhubarb & Ginger Crumble Cake","'Mock-accino and Croissant' Cake","Hillery",46,"Banker","Brentwood, Essex"
"469",8,2,"James",3,"IN","Rhubarb and Custard Whirls","'Coppit' Game","Hillery",46,"Banker","Brentwood, Essex"
"470",8,3,"James",9,"IN","Nordic Teacakes","'Owl in the Woods' Bread Sculpture","Hillery",46,"Banker","Brentwood, Essex"
"471",8,4,"James",2,"IN","'Windy City' Millionaire Shortbreads","Nutty Caramel Cake","Hillery",46,"Banker","Brentwood, Essex"
"472",8,5,"James",7,"OUT","Orange and Ginger Steamed School Pudding","'The Missed Silver Jubilee' Trifle Terrine","Hillery",46,"Banker","Brentwood, Essex"
"473",8,1,"Julia",3,"IN","Courgette and Lemon Cake","'Russian Doll' Cake","Chernogorova",21,"Aviation Broker","Crawley, West Sussex"
"474",8,2,"Julia",4,"IN","Middle Eastern Delight Sandwich Biscuits","'A British Baking' Game","Chernogorova",21,"Aviation Broker","Crawley, West Sussex"
"475",8,3,"Julia",2,"STAR BAKER","Earl Grey Dried Fruit Teacakes","'The Snail Under a Mushroom' Bread Sculpture","Chernogorova",21,"Aviation Broker","Crawley, West Sussex"
"476",8,4,"Julia",9,"IN","Pecan Salted Caramel Millionaire Shortbreads","Poppy Seed Caramel Cake","Chernogorova",21,"Aviation Broker","Crawley, West Sussex"
"477",8,5,"Julia",3,"IN","Orange & Treacle Steamed School Pudding","'Opulent Ornament' Trifle Terrine","Chernogorova",21,"Aviation Broker","Crawley, West Sussex"
"478",8,6,"Julia",7,"OUT","'Pies from the Tree' Decorative Pies","'Special Occasion' Pie","Chernogorova",21,"Aviation Broker","Crawley, West Sussex"
"479",8,1,"Kate",1,"IN","Moroccan Strawberry and Rose Cake","'Chocolate Terrarium' Cake","Lyon",29,"Health and safety inspector","Merseyside"
"480",8,2,"Kate",8,"IN","Coconut Seashells for a Titanic Afternoon Tea","'Jungle' Game","Lyon",29,"Health and safety inspector","Merseyside"
"481",8,3,"Kate",10,"IN","Blueberry Buns","'Kraken' Bread Sculpture","Lyon",29,"Health and safety inspector","Merseyside"
"482",8,4,"Kate",6,"STAR BAKER","Salted Bay Caramel Millionaire Shortbreads","Sticky Toffee Apple Caramel Cake","Lyon",29,"Health and safety inspector","Merseyside"
"483",8,5,"Kate",8,"IN","'Mr Darcy's Steamy Lake Scene' Steamed School Pudding","'My Great Great Nan's' Raspberry Trifle Terrine","Lyon",29,"Health and safety inspector","Merseyside"
"484",8,6,"Kate",5,"IN","'Vegetarian Pie Faces' Decorative Pies","Potato Curry Pie with Mango & Chilli Glaze","Lyon",29,"Health and safety inspector","Merseyside"
"485",8,7,"Kate",6,"IN","'Happy Hour' Cocktail Cannoli","'Flavour Fusion' Sfogliatelle","Lyon",29,"Health and safety inspector","Merseyside"
"486",8,8,"Kate",2,"IN","Burrito Bedfordshire Clangers","'Liver Building Turret' Savoy Cake","Lyon",29,"Health and safety inspector","Merseyside"
"487",8,9,"Kate",4,"IN","Bellini and Valencian Orange Choux Buns","'Rainbow' Meringue Centrepiece","Lyon",29,"Health and safety inspector","Merseyside"
"488",8,10,"Kate",3,"Runner-up","Roman Spelt, Coconut Kala Chana and Flower Breads","White Chocolate, Yuzu and Lychee Entremet","Lyon",29,"Health and safety inspector","Merseyside"
"489",8,1,"Liam",8,"IN","Apple and Almond Crumble Maple Loaf","'Stackin' Sunday' Cake","Charles",19,"Student","North London"
"490",8,2,"Liam",7,"IN","Coffee Malted Pecan Shorties","'Classroom Classics' Game","Charles",19,"Student","North London"
"491",8,3,"Liam",5,"IN","Jamaican Spiced Teacakes","'Kneadapolitan' Bread Sculpture","Charles",19,"Student","North London"
"492",8,4,"Liam",3,"IN","Salted Peanut Butter Millionaire Shortbreads","White Layered Ginger Caramel Cake","Charles",19,"Student","North London"
"493",8,5,"Liam",2,"IN","Cherries & Lemons that are 'Baked Well'","'Cheers Lads' Trifle Terrine","Charles",19,"Student","North London"
"494",8,6,"Liam",4,"STAR BAKER","'Standard FC' Decorative Pies","'Nan's Sunday Dinner' Pie","Charles",19,"Student","North London"
"495",8,7,"Liam",2,"IN","'Just Doing Me' Cannoli","'Morning Delivery' Sfogliatelle","Charles",19,"Student","North London"
"496",8,8,"Liam",5,"OUT","'Take Out' Bedfordshire Clangers","'Fort Wizardore' Savoy Cake","Charles",19,"Student","North London"
"497",8,1,"Peter",10,"OUT","Coconut Cake","'Bread on a Breadboard' Cake","Abatan",52,"IT programme manager","Southend, Essex"
"498",8,1,"Sophie",5,"IN","Pineapple and Coconut Sandwich Cake","'Champagne Bottle and Bucket' Cake","Faldo",33,"Former army officer and trainee stuntwoman","West Molesey, Surrey"
"499",8,2,"Sophie",2,"IN","Lemon Limoncino Sandwich Biscuits","'Snakes and Ladders' Game","Faldo",33,"Former army officer and trainee stuntwoman","West Molesey, Surrey"
"500",8,3,"Sophie",6,"IN","Tagine Teacakes","'Picnic Basket' Bread Sculpture","Faldo",33,"Former army officer and trainee stuntwoman","West Molesey, Surrey"
"501",8,4,"Sophie",4,"IN","Jaffa Millionaire Shortbreads","Bird's Nest Caramel Cake","Faldo",33,"Former army officer and trainee stuntwoman","West Molesey, Surrey"
"502",8,5,"Sophie",1,"STAR BAKER","Ginger, Fig and Honey Steamed School Pudding","Raspberry, Yuzu & White Chocolate Bûche Trifle Terrine","Faldo",33,"Former army officer and trainee stuntwoman","West Molesey, Surrey"
"503",8,6,"Sophie",2,"IN","'The Four Seasons' Decorative Pies","Game Pie with Glazed Forest Fruits","Faldo",33,"Former army officer and trainee stuntwoman","West Molesey, Surrey"
"504",8,7,"Sophie",3,"IN","'Classics with a Twist' Cannoli","'Classics' Sfogliatelle","Faldo",33,"Former army officer and trainee stuntwoman","West Molesey, Surrey"
"505",8,8,"Sophie",4,"IN","Char Siu & Banana Praline Bedfordshire Clangers","Citrus with Green Apple Croquembouche Savoy Cake","Faldo",33,"Former army officer and trainee stuntwoman","West Molesey, Surrey"
"506",8,9,"Sophie",1,"STAR BAKER","Strawberry & Rhubarb and Chestnut & Vanilla Choux Buns","'Tutu with Opera Filling' Meringue Centrepiece","Faldo",33,"Former army officer and trainee stuntwoman","West Molesey, Surrey"
"507",8,10,"Sophie",2,"WINNER","Spelt Boules, Mushroom Ciabatta and Orange Plaited Brioche","'Ode to the Honey Bee' Entremet","Faldo",33,"Former army officer and trainee stuntwoman","West Molesey, Surrey"
"508",8,1,"Stacey",11,"IN","Granny Smith Apple and Walnut Cake","'Black Evening Clutch Bag' Cake","Hart",42,"Former school teacher","Radlett, Hertfordshire"
"509",8,2,"Stacey",9,"IN","Sparkly Chocolate and Marshmallow Fluff Cookies","'Get to School' Game","Hart",42,"Former school teacher","Radlett, Hertfordshire"
"510",8,3,"Stacey",1,"IN","Cranberry and Cinnamon Teacakes","'Ascot Hat' Bread Sculpture","Hart",42,"Former school teacher","Radlett, Hertfordshire"
"511",8,4,"Stacey",1,"IN","Rum Salted Caramel Millionaire Shortbreads","Chocolate and Coffee Caramel Cake","Hart",42,"Former school teacher","Radlett, Hertfordshire"
"512",8,5,"Stacey",4,"IN","Bakewell Tart Steamed School Pudding","Tropical Trifle Terrine","Hart",42,"Former school teacher","Radlett, Hertfordshire"
"513",8,6,"Stacey",6,"IN","'Love Theme' Decorative Pies","Indian Hand Raised Pie with Mango","Hart",42,"Former school teacher","Radlett, Hertfordshire"
"514",8,7,"Stacey",4,"IN","My All Time Favourite Desserts","Pastry Surprise","Hart",42,"Former school teacher","Radlett, Hertfordshire"
"515",8,8,"Stacey",3,"STAR BAKER","Camembert & Onion and Apple & Blueberry Bedfordshire Clangers","'Bright' Lemon & Orange Savoy Cake","Hart",42,"Former school teacher","Radlett, Hertfordshire"
"516",8,9,"Stacey",2,"OUT","'Choux-nicorn and Choux-moji' Choux Buns","'Flamingos in Love' Meringue Centrepiece","Hart",42,"Former school teacher","Radlett, Hertfordshire"
"517",8,1,"Steven",6,"STAR BAKER","Bonfire Night Cake","'A Baker's Lunch' Cake","Carter",34,"Marketer","Watford, Hertfordshire"
"518",8,2,"Steven",6,"STAR BAKER","Amarpressi Biscuits","'Check Bake' Game","Carter",34,"Marketer","Watford, Hertfordshire"
"519",8,3,"Steven",3,"IN","Madras Cocktail Teacakes","'The Bag I Knead' Bread Sculpture","Carter",34,"Marketer","Watford, Hertfordshire"
"520",8,4,"Steven",7,"IN","Orange Macadamia Nut Millionaire Shortbreads","Caramel Crown Cake","Carter",34,"Marketer","Watford, Hertfordshire"
"521",8,5,"Steven",5,"IN","Lemon & Blackcurrant Drizzle Steamed School Pudding","'From Across the Jelly Pond' Trifle Terrine","Carter",34,"Marketer","Watford, Hertfordshire"
"522",8,6,"Steven",3,"IN","'Fleetwood Mac' Decorative Pies","Christmas Pie","Carter",34,"Marketer","Watford, Hertfordshire"
"523",8,7,"Steven",1,"STAR BAKER","Italian Style Cannoli","'Sicilian-style' Sfogliatelle","Carter",34,"Marketer","Watford, Hertfordshire"
"524",8,8,"Steven",1,"IN","'Mediterranean Medley' Bedfordshire Clangers","Chestnut Rum Savoy Cake","Carter",34,"Marketer","Watford, Hertfordshire"
"525",8,9,"Steven",3,"IN","Key Lime Cheesecake and Bakewell Tart Choux Buns","'Some Air Over the Rainbow' Meringue Centrepiece","Carter",34,"Marketer","Watford, Hertfordshire"
"526",8,10,"Steven",1,"Runner-up","Spelt & Rye, Toasted Garlic & Fontina and Sweet Chocolate Breads","'Yin Yang' Entremet","Carter",34,"Marketer","Watford, Hertfordshire"
"527",8,1,"Tom",7,"IN","Gilded Pear and Cardamom Cake","'Stack of Books' Cake","Hetherington",29,"Architect","Edinburgh"
"528",8,2,"Tom",5,"IN","Coffee and Amaretto Kisses","'Drain Pipes and Ladders' Game","Hetherington",29,"Architect","Edinburgh"
"529",8,3,"Tom",4,"IN","Orange and Cranberry Teacakes","'Pink & Yellow Rose Centrepiece' Bread Sculpture","Hetherington",29,"Architect","Edinburgh"
"530",8,4,"Tom",5,"OUT","Stem Ginger Caramel Shortbreads","Hummingbird Cake","Hetherington",29,"Architect","Edinburgh"
"531",8,1,"Yan",4,"IN","Windfall Apple Crumble Cake","'Banana-ramen' Cake","Tsou",46,"Laboratory research scientist","North London"
"532",8,2,"Yan",1,"IN","'Mrs. Marian's PB 'n' B' Biscuits","'Adventures in Bakeland' Game","Tsou",46,"Laboratory research scientist","North London"
"533",8,3,"Yan",8,"IN","'Mrs P's' Masala Chai Spiced Teacakes","'Basil the Vegetarian Dragon with his Pumpkin Hoard' Bread Sculpture","Tsou",46,"Laboratory research scientist","North London"
"534",8,4,"Yan",8,"IN","'Lil' Red's Ginger and Nuts' Millionaire Shortbreads","Animals of the Rainforest Caramel Cake","Tsou",46,"Laboratory research scientist","North London"
"535",8,5,"Yan",6,"IN","Mango Fruit Hat Steamed School Pudding","'Heart of a Hero' Trifle Terrine","Tsou",46,"Laboratory research scientist","North London"
"536",8,6,"Yan",1,"IN","'πr2' Decorative Pies","Chequerboard Pie","Tsou",46,"Laboratory research scientist","North London"
"537",8,7,"Yan",5,"OUT","Cannoli Cocktails","Canadian-Style Sfogliatelle","Tsou",46,"Laboratory research scientist","North London"
"538",9,1,"Antony",12,"IN",NA,NA,"Amourdoux",30,"Banker","London"
"539",9,2,"Antony",9,"IN",NA,NA,"Amourdoux",30,"Banker","London"
"540",9,3,"Antony",8,"OUT",NA,NA,"Amourdoux",30,"Banker","London"
"541",9,1,"Briony",2,"IN",NA,NA,"Williams",33,"Full-time parent","Bristol"
"542",9,2,"Briony",5,"IN",NA,NA,"Williams",33,"Full-time parent","Bristol"
"543",9,3,"Briony",9,"IN",NA,NA,"Williams",33,"Full-time parent","Bristol"
"544",9,4,"Briony",5,"IN",NA,NA,"Williams",33,"Full-time parent","Bristol"
"545",9,5,"Briony",6,"IN",NA,NA,"Williams",33,"Full-time parent","Bristol"
"546",9,6,"Briony",1,"STAR BAKER",NA,NA,"Williams",33,"Full-time parent","Bristol"
"547",9,7,"Briony",5,"IN",NA,NA,"Williams",33,"Full-time parent","Bristol"
"548",9,8,"Briony",1,"IN",NA,NA,"Williams",33,"Full-time parent","Bristol"
"549",9,9,"Briony",3,"OUT",NA,NA,"Williams",33,"Full-time parent","Bristol"
"550",9,1,"Dan",4,"IN",NA,NA,"Beasley",36,"Full-time parent","London"
"551",9,2,"Dan",3,"IN",NA,NA,"Beasley",36,"Full-time parent","London"
"552",9,3,"Dan",6,"IN",NA,NA,"Beasley",36,"Full-time parent","London"
"553",9,4,"Dan",1,"STAR BAKER",NA,NA,"Beasley",36,"Full-time parent","London"
"554",9,5,"Dan",2,"IN",NA,NA,"Beasley",36,"Full-time parent","London"
"555",9,6,"Dan",6,"OUT",NA,NA,"Beasley",36,"Full-time parent","London"
"556",9,1,"Imelda",11,"OUT",NA,NA,"McCarron",33,"Countryside recreation officer","County Tyrone"
"557",9,1,"Jon",5,"IN",NA,NA,"Jenkins",47,"Blood courier","Newport"
"558",9,2,"Jon",1,"IN",NA,NA,"Jenkins",47,"Blood courier","Newport"
"559",9,3,"Jon",2,"IN",NA,NA,"Jenkins",47,"Blood courier","Newport"
"560",9,4,"Jon",3,"IN",NA,NA,"Jenkins",47,"Blood courier","Newport"
"561",9,5,"Jon",7,"IN",NA,NA,"Jenkins",47,"Blood courier","Newport"
"562",9,6,"Jon",2,"IN",NA,NA,"Jenkins",47,"Blood courier","Newport"
"563",9,7,"Jon",4,"OUT",NA,NA,"Jenkins",47,"Blood courier","Newport"
"564",9,1,"Karen",6,"IN",NA,NA,"Wright",60,"In-store sampling assistant","Wakefield"
"565",9,2,"Karen",11,"IN",NA,NA,"Wright",60,"In-store sampling assistant","Wakefield"
"566",9,3,"Karen",5,"IN",NA,NA,"Wright",60,"In-store sampling assistant","Wakefield"
"567",9,4,"Karen",7,"IN",NA,NA,"Wright",60,"In-store sampling assistant","Wakefield"
"568",9,5,"Karen",9,"OUT",NA,NA,"Wright",60,"In-store sampling assistant","Wakefield"
"569",9,NA,"Kim",NA,NA,NA,NA,"Joy",27,"Mental health specialist","Leeds"
"570",9,1,"Luke",8,"IN",NA,NA,"Thompson",30,"Civil servant/house and techno DJ","Sheffield"
"571",9,2,"Luke",7,"OUT",NA,NA,"Thompson",30,"Civil servant/house and techno DJ","Sheffield"
"572",9,1,"Manon",3,"STAR BAKER",NA,NA,"Lagrave",26,"Software project manager","London"
"573",9,2,"Manon",6,"IN",NA,NA,"Lagrave",26,"Software project manager","London"
"574",9,3,"Manon",3,"IN",NA,NA,"Lagrave",26,"Software project manager","London"
"575",9,4,"Manon",8,"IN",NA,NA,"Lagrave",26,"Software project manager","London"
"576",9,5,"Manon",5,"IN",NA,NA,"Lagrave",26,"Software project manager","London"
"577",9,6,"Manon",4,"IN",NA,NA,"Lagrave",26,"Software project manager","London"
"578",9,7,"Manon",2,"IN",NA,NA,"Lagrave",26,"Software project manager","London"
"579",9,8,"Manon",4,"OUT",NA,NA,"Lagrave",26,"Software project manager","London"
"580",9,1,"Rahul",7,"IN",NA,NA,"Mandal",30,"Research scientist","Rotherham"
"581",9,2,"Rahul",2,"STAR BAKER",NA,NA,"Mandal",30,"Research scientist","Rotherham"
"582",9,3,"Rahul",4,"STAR BAKER",NA,NA,"Mandal",30,"Research scientist","Rotherham"
"583",9,4,"Rahul",4,"IN",NA,NA,"Mandal",30,"Research scientist","Rotherham"
"584",9,5,"Rahul",3,"IN",NA,NA,"Mandal",30,"Research scientist","Rotherham"
"585",9,6,"Rahul",3,"IN",NA,NA,"Mandal",30,"Research scientist","Rotherham"
"586",9,7,"Rahul",1,"IN",NA,NA,"Mandal",30,"Research scientist","Rotherham"
"587",9,8,"Rahul",5,"IN",NA,NA,"Mandal",30,"Research scientist","Rotherham"
"588",9,9,"Rahul",4,"IN",NA,NA,"Mandal",30,"Research scientist","Rotherham"
"589",9,10,"Rahul",2,"WINNER",NA,NA,"Mandal",30,"Research scientist","Rotherham"
"590",9,1,"Ruby",1,"IN",NA,NA,"Bhogal",29,"Project manager","London"
"591",9,2,"Ruby",10,"IN",NA,NA,"Bhogal",29,"Project manager","London"
"592",9,3,"Ruby",7,"IN",NA,NA,"Bhogal",29,"Project manager","London"
"593",9,4,"Ruby",2,"IN",NA,NA,"Bhogal",29,"Project manager","London"
"594",9,5,"Ruby",1,"IN",NA,NA,"Bhogal",29,"Project manager","London"
"595",9,6,"Ruby",7,"IN",NA,NA,"Bhogal",29,"Project manager","London"
"596",9,7,"Ruby",3,"IN",NA,NA,"Bhogal",29,"Project manager","London"
"597",9,8,"Ruby",3,"STAR BAKER",NA,NA,"Bhogal",29,"Project manager","London"
"598",9,9,"Ruby",1,"STAR BAKER",NA,NA,"Bhogal",29,"Project manager","London"
"599",9,10,"Ruby",3,"Runner-up",NA,NA,"Bhogal",29,"Project manager","London"
"600",9,1,"Terry",9,"IN",NA,NA,"Hartill",56,"Retired air steward","West Midlands"
"601",9,2,"Terry",8,"IN",NA,NA,"Hartill",56,"Retired air steward","West Midlands"
"602",9,3,"Terry",1,"IN",NA,NA,"Hartill",56,"Retired air steward","West Midlands"
"603",9,4,"Terry",NA,"[a]",NA,NA,"Hartill",56,"Retired air steward","West Midlands"
"604",9,5,"Terry",8,"OUT",NA,NA,"Hartill",56,"Retired air steward","West Midlands"
"605",10,1,"Alice",5,"IN",NA,NA,"Fevronia",28,"Geography teacher","Essex"
"606",10,2,"Alice",1,"STAR BAKER",NA,NA,"Fevronia",28,"Geography teacher","Essex"
"607",10,3,"Alice",7,"IN",NA,NA,"Fevronia",28,"Geography teacher","Essex"
"608",10,4,"Alice",8,"IN",NA,NA,"Fevronia",28,"Geography teacher","Essex"
"609",10,5,"Alice",6,"IN",NA,NA,"Fevronia",28,"Geography teacher","Essex"
"610",10,6,"Alice",1,"IN",NA,NA,"Fevronia",28,"Geography teacher","Essex"
"611",10,7,"Alice",6,"IN",NA,NA,"Fevronia",28,"Geography teacher","Essex"
"612",10,8,"Alice",3,"IN",NA,NA,"Fevronia",28,"Geography teacher","Essex"
"613",10,9,"Alice",4,"STAR BAKER",NA,NA,"Fevronia",28,"Geography teacher","Essex"
"614",10,10,"Alice",2,"Runner-up",NA,NA,"Fevronia",28,"Geography teacher","Essex"
"615",10,1,"Amelia",4,"IN",NA,NA,"LeBruin",24,"Fashion designer","Halifax"
"616",10,2,"Amelia",9,"IN",NA,NA,"LeBruin",24,"Fashion designer","Halifax"
"617",10,3,"Amelia",11,"OUT",NA,NA,"LeBruin",24,"Fashion designer","Halifax"
"618",10,1,"Dan",9,"OUT",NA,NA,"Chambers",32,"Support worker","Rotherham"
"619",10,1,"David",10,"IN",NA,NA,"Atherton",36,"International health adviser","Whitby"
"620",10,2,"David",2,"IN",NA,NA,"Atherton",36,"International health adviser","Whitby"
"621",10,3,"David",2,"IN",NA,NA,"Atherton",36,"International health adviser","Whitby"
"622",10,4,"David",2,"IN",NA,NA,"Atherton",36,"International health adviser","Whitby"
"623",10,5,"David",9,"IN",NA,NA,"Atherton",36,"International health adviser","Whitby"
"624",10,6,"David",2,"IN",NA,NA,"Atherton",36,"International health adviser","Whitby"
"625",10,7,"David",2,"IN",NA,NA,"Atherton",36,"International health adviser","Whitby"
"626",10,8,"David",1,"IN",NA,NA,"Atherton",36,"International health adviser","Whitby"
"627",10,9,"David",2,"IN",NA,NA,"Atherton",36,"International health adviser","Whitby"
"628",10,10,"David",1,"WINNER",NA,NA,"Atherton",36,"International health adviser","Whitby"
"629",10,1,"Helena",12,"IN",NA,NA,"Garcia",40,"Online project manager","Leeds"
"630",10,2,"Helena",12,"IN",NA,NA,"Garcia",40,"Online project manager","Leeds"
"631",10,3,"Helena",8,"IN",NA,NA,"Garcia",40,"Online project manager","Leeds"
"632",10,4,"Helena",9,"IN",NA,NA,"Garcia",40,"Online project manager","Leeds"
"633",10,5,"Helena",1,"OUT",NA,NA,"Garcia",40,"Online project manager","Leeds"
"634",10,1,"Henry",1,"IN",NA,NA,"Bird",20,"Student","Durham"
"635",10,2,"Henry",6,"IN",NA,NA,"Bird",20,"Student","Durham"
"636",10,3,"Henry",1,"IN",NA,NA,"Bird",20,"Student","Durham"
"637",10,4,"Henry",3,"IN",NA,NA,"Bird",20,"Student","Durham"
"638",10,5,"Henry",3,"IN",NA,NA,"Bird",20,"Student","Durham"
"639",10,6,"Henry",4,"IN",NA,NA,"Bird",20,"Student","Durham"
"640",10,7,"Henry",3,"STAR BAKER",NA,NA,"Bird",20,"Student","Durham"
"641",10,8,"Henry",5,"OUT",NA,NA,"Bird",20,"Student","Durham"
"642",10,1,"Jamie",13,"IN",NA,NA,"Finn",20,"Part-time waiter","Surrey"
"643",10,2,"Jamie",11,"OUT",NA,NA,"Finn",20,"Part-time waiter","Surrey"
"644",10,1,"Michael",11,"IN",NA,NA,"Chakraverty",26,"Theatre manager/fitness instructor","Stratford-upon-Avon"
"645",10,2,"Michael",4,"IN",NA,NA,"Chakraverty",26,"Theatre manager/fitness instructor","Stratford-upon-Avon"
"646",10,3,"Michael",6,"STAR BAKER",NA,NA,"Chakraverty",26,"Theatre manager/fitness instructor","Stratford-upon-Avon"
"647",10,4,"Michael",7,"IN",NA,NA,"Chakraverty",26,"Theatre manager/fitness instructor","Stratford-upon-Avon"
"648",10,5,"Michael",8,"IN",NA,NA,"Chakraverty",26,"Theatre manager/fitness instructor","Stratford-upon-Avon"
"649",10,6,"Michael",6,"IN",NA,NA,"Chakraverty",26,"Theatre manager/fitness instructor","Stratford-upon-Avon"
"650",10,7,"Michael",5,"OUT",NA,NA,"Chakraverty",26,"Theatre manager/fitness instructor","Stratford-upon-Avon"
"651",10,1,"Michelle",6,"STAR BAKER",NA,NA,"Evans",35,"Print shop administrator","Tenby, Wales"
"652",10,2,"Michelle",8,"IN",NA,NA,"Evans",35,"Print shop administrator","Tenby, Wales"
"653",10,3,"Michelle",5,"IN",NA,NA,"Evans",35,"Print shop administrator","Tenby, Wales"
"654",10,4,"Michelle",5,"IN",NA,NA,"Evans",35,"Print shop administrator","Tenby, Wales"
"655",10,5,"Michelle",7,"OUT",NA,NA,"Evans",35,"Print shop administrator","Tenby, Wales"
"656",10,1,"Phil",8,"IN",NA,NA,"Thorne",56,"HGV driver","Rainham"
"657",10,2,"Phil",3,"IN",NA,NA,"Thorne",56,"HGV driver","Rainham"
"658",10,3,"Phil",10,"IN",NA,NA,"Thorne",56,"HGV driver","Rainham"
"659",10,4,"Phil",6,"OUT",NA,NA,"Thorne",56,"HGV driver","Rainham"
"660",10,1,"Priya",7,"IN",NA,NA,"O",34,"Marketing consultant","Leicester"
"661",10,2,"Priya",7,"IN",NA,NA,"O",34,"Marketing consultant","Leicester"
"662",10,3,"Priya",4,"IN",NA,NA,"O",34,"Marketing consultant","Leicester"
"663",10,4,"Priya",10,"IN",NA,NA,"O",34,"Marketing consultant","Leicester"
"664",10,5,"Priya",2,"IN",NA,NA,"O",34,"Marketing consultant","Leicester"
"665",10,6,"Priya",7,"OUT",NA,NA,"O",34,"Marketing consultant","Leicester"
"666",10,1,"Rosie",2,"IN",NA,NA,"Brandreth",28,"Veterinary surgeon","Somerset"
"667",10,2,"Rosie",5,"IN",NA,NA,"Brandreth",28,"Veterinary surgeon","Somerset"
"668",10,3,"Rosie",9,"IN",NA,NA,"Brandreth",28,"Veterinary surgeon","Somerset"
"669",10,4,"Rosie",4,"IN",NA,NA,"Brandreth",28,"Veterinary surgeon","Somerset"
"670",10,5,"Rosie",5,"IN",NA,NA,"Brandreth",28,"Veterinary surgeon","Somerset"
"671",10,6,"Rosie",5,"IN",NA,NA,"Brandreth",28,"Veterinary surgeon","Somerset"
"672",10,7,"Rosie",1,"IN",NA,NA,"Brandreth",28,"Veterinary surgeon","Somerset"
"673",10,8,"Rosie",2,"IN",NA,NA,"Brandreth",28,"Veterinary surgeon","Somerset"
"674",10,9,"Rosie",1,"OUT",NA,NA,"Brandreth",28,"Veterinary surgeon","Somerset"
"675",10,1,"Steph",3,"IN",NA,NA,"Blackwell",28,"Shop assistant","Chester"
"676",10,2,"Steph",10,"IN",NA,NA,"Blackwell",28,"Shop assistant","Chester"
"677",10,3,"Steph",3,"IN",NA,NA,"Blackwell",28,"Shop assistant","Chester"
"678",10,4,"Steph",1,"STAR BAKER",NA,NA,"Blackwell",28,"Shop assistant","Chester"
"679",10,5,"Steph",4,"STAR BAKER",NA,NA,"Blackwell",28,"Shop assistant","Chester"
"680",10,6,"Steph",3,"STAR BAKER",NA,NA,"Blackwell",28,"Shop assistant","Chester"
"681",10,7,"Steph",4,"IN",NA,NA,"Blackwell",28,"Shop assistant","Chester"
"682",10,8,"Steph",4,"STAR BAKER",NA,NA,"Blackwell",28,"Shop assistant","Chester"
"683",10,9,"Steph",3,"IN",NA,NA,"Blackwell",28,"Shop assistant","Chester"
"684",10,10,"Steph",3,"Runner-up",NA,NA,"Blackwell",28,"Shop assistant","Chester"
